INSERT INTO `users` (`id`, `name`, `bio`, `created_at`, `updated_at`) VALUES (1,'Uwe Kaufmann',' Lorem ipsum dolor sit amet, consectetur adipiscing elit. Donec gravida mi vitae orci commodo','2011-03-25 18:34:12','2011-03-25 18:34:12'),(2,'Korwyn Cartman',' Lorem ipsum dolor sit amet, consectetur adipiscing elit. Donec gravida mi vitae orci commodo','2011-03-25 18:34:12','2011-03-25 18:34:12'),(3,'Link Fenwick',' Lorem ipsum dolor sit amet, consectetur adipiscing elit. Donec gravida mi vitae orci commodo','2011-03-25 18:34:12','2011-03-25 18:34:12'),(4,'Tim Quixote',' Lorem ipsum dolor sit amet, consectetur adipiscing elit. Donec gravida mi vitae orci commodo','2011-03-25 18:34:12','2011-03-25 18:34:12'),(5,'Ewe Jorpe',' Lorem ipsum dolor sit amet, consectetur adipiscing elit. Donec gravida mi vitae orci commodo','2011-03-25 18:34:13','2011-03-25 18:34:13'),(6,'Felix Fenwick',' Lorem ipsum dolor sit amet, consectetur adipiscing elit. Donec gravida mi vitae orci commodo','2011-03-25 18:34:13','2011-03-25 18:34:13'),(7,'Oslo O\'Brien',' Lorem ipsum dolor sit amet, consectetur adipiscing elit. Donec gravida mi vitae orci commodo','2011-03-25 18:34:13','2011-03-25 18:34:13'),(8,'Waldo Artman',' Lorem ipsum dolor sit amet, consectetur adipiscing elit. Donec gravida mi vitae orci commodo','2011-03-25 18:34:13','2011-03-25 18:34:13'),(9,'Opie Ciara',' Lorem ipsum dolor sit amet, consectetur adipiscing elit. Donec gravida mi vitae orci commodo','2011-03-25 18:34:13','2011-03-25 18:34:13'),(10,'Yuval Gardner',' Lorem ipsum dolor sit amet, consectetur adipiscing elit. Donec gravida mi vitae orci commodo','2011-03-25 18:34:13','2011-03-25 18:34:13');
INSERT INTO `user_friends` (`id`, `user_id`, `follow_user_id`) VALUES (1,2,1),(2,6,1),(3,1,1),(4,1,3),(5,1,2),(6,1,1),(7,1,1),(8,1,4),(9,2,2),(10,1,1),(11,3,1),(12,2,1),(13,3,2),(14,4,1),(15,1,1),(16,1,1),(17,5,2),(18,1,2),(19,2,1),(20,3,3),(21,1,1),(22,4,2),(23,2,2),(24,1,2),(25,2,2),(26,1,1),(27,2,1),(28,1,2),(29,2,1),(30,1,1),(31,2,1),(32,2,3),(33,2,1),(34,2,1),(35,1,1),(36,1,1),(37,1,2),(38,1,1),(39,3,2),(40,2,2),(41,1,1),(42,1,1),(43,2,2),(44,1,1),(45,1,2),(46,2,1),(47,1,1),(48,2,2),(49,1,2),(50,1,2),(51,1,2),(52,1,2),(53,1,3),(54,2,2),(55,1,1),(56,1,1),(57,2,1),(58,1,2),(59,1,2),(60,1,1),(61,2,1),(62,1,2),(63,1,1),(64,1,1),(65,1,2),(66,1,4),(67,3,1),(68,1,1),(69,4,1),(70,1,1),(71,1,1),(72,1,2),(73,2,3),(74,2,2),(75,2,1),(76,2,1),(77,1,1),(78,2,2),(79,2,1),(80,1,1),(81,1,1),(82,2,1),(83,3,1),(84,1,1),(85,2,3),(86,1,1),(87,2,3),(88,5,1),(89,1,1),(90,2,3),(91,1,2),(92,2,1),(93,5,1),(94,1,1),(95,1,1),(96,1,1),(97,1,3),(98,1,1),(99,1,2),(100,1,1),(101,2,4),(102,1,1),(103,2,3),(104,2,2),(105,2,1),(106,1,2),(107,1,2),(108,1,1),(109,2,3),(110,1,2),(111,1,3),(112,2,3),(113,1,2),(114,1,1),(115,4,2),(116,1,1),(117,3,3),(118,4,1),(119,1,1),(120,3,1),(121,2,1),(122,1,2),(123,1,1),(124,1,1),(125,2,2),(126,4,1),(127,2,2),(128,3,4),(129,1,1),(130,1,4),(131,1,2),(132,1,2),(133,2,3),(134,1,2),(135,2,2),(136,3,4),(137,1,1),(138,1,1),(139,1,1),(140,3,3),(141,1,1),(142,1,2),(143,4,3),(144,2,3),(145,3,1),(146,1,1),(147,2,1),(148,4,3),(149,5,1),(150,1,1),(151,1,2),(152,3,1),(153,2,1),(154,1,3),(155,2,1),(156,1,4),(157,2,2),(158,2,1),(159,2,1),(160,5,1),(161,2,2),(162,3,1),(163,1,2),(164,2,3),(165,1,1),(166,4,3),(167,2,2),(168,1,1),(169,1,1),(170,2,1),(171,2,1),(172,2,3),(173,1,1),(174,2,1),(175,4,1),(176,1,3),(177,1,5),(178,2,3),(179,2,1),(180,2,1),(181,1,1),(182,2,1),(183,1,1),(184,2,1),(185,1,1),(186,1,1),(187,2,1),(188,4,4),(189,1,1),(190,1,4),(191,2,3),(192,1,2),(193,1,4),(194,3,2),(195,1,1),(196,5,1),(197,3,1),(198,1,1),(199,1,2),(200,2,2),(201,2,2),(202,3,1),(203,1,1),(204,1,1),(205,1,1),(206,2,1),(207,3,3),(208,2,1),(209,2,1),(210,1,1),(211,1,1),(212,1,1),(213,3,1),(214,3,1),(215,1,1),(216,1,2),(217,2,1),(218,3,1),(219,1,4),(220,1,1),(221,1,2),(222,1,1),(223,2,1),(224,1,1),(225,1,3),(226,1,2),(227,3,1),(228,1,1),(229,2,2),(230,2,1),(231,1,1),(232,2,1),(233,1,1),(234,1,2),(235,1,1),(236,3,2),(237,4,2),(238,1,2),(239,3,1),(240,2,1),(241,4,2),(242,1,2),(243,1,1),(244,3,1),(245,1,1),(246,2,1),(247,2,1),(248,1,1),(249,1,1),(250,3,1);
INSERT INTO `posts` (`id`, `user_id`, `title`, `body`, `created_at`, `updated_at`) VALUES (1,2,'Ha! They use Chrome','Taking a step back from these ideas, I had to check the project site to see if they still used Nginx. Several times a day I wonder if SQL Server. There are reports of people starting to demonstrate against the use of Java','2011-03-25 18:34:13','2011-03-25 18:34:13'),(2,2,'Why do people still use ATG','In closing, this is why I recommend SQL Server. Taking a step back from these ideas, I had to check the project site to see if they still used Oracle. Certainly, there is a better way to Drizzle','2011-03-25 18:34:13','2011-03-25 18:34:13'),(3,1,'What people need to know about Cellphones','There are reports of people starting to demonstrate against the use of Jenkins. Taking a step back from these ideas, I had to check the project site to see if they still used Oracle. I could have developed this application to use SAS','2011-03-25 18:34:13','2011-03-25 18:34:13'),(4,1,'Only idiots use Cylons','Taking a step back from these ideas, I had to check the project site to see if they still used Maven. Several times a day I wonder if tcsh. Several times a day I wonder if Java','2011-03-25 18:34:13','2011-03-25 18:34:13'),(5,2,'Honestly, I\'m sick and tired of Maven','There are reports of people starting to demonstrate against the use of Maven. Certainly, there is a better way to wget. Several times a day I wonder if Ant','2011-03-25 18:34:13','2011-03-25 18:34:13'),(6,1,'Ha! They use Cellphones','But, I remain commited to the idea of SQL Server. There are reports of people starting to demonstrate against the use of Lynx. Certainly, there is a better way to SAS','2011-03-25 18:34:13','2011-03-25 18:34:13'),(7,2,'Open source GNU/Linux','No I won\'t use getopt. Taking a step back from these ideas, I had to check the project site to see if they still used Sybase. I could have developed this application to use SAS','2011-03-25 18:34:13','2011-03-25 18:34:13'),(8,2,'Vote for Drupal','Certainly, there is a better way to bash. Taking a step back from these ideas, I had to check the project site to see if they still used Java. Taking a step back from these ideas, I had to check the project site to see if they still used Buildr','2011-03-25 18:34:13','2011-03-25 18:34:13'),(9,1,'Everyone should use Yum','Certainly, there is a better way to Oracle. Taking a step back from these ideas, I had to check the project site to see if they still used bash. There are reports of people starting to demonstrate against the use of GNU/Linux','2011-03-25 18:34:13','2011-03-25 18:34:13'),(10,2,'What people need to know about GWT','Certainly, there is a better way to SQL Server. Several times a day I wonder if Redhat. But, I remain commited to the idea of Lynx','2011-03-25 18:34:13','2011-03-25 18:34:13'),(11,3,'Vote for Spyware','There are reports of people starting to demonstrate against the use of Ubuntu. Several times a day I wonder if getopt. Several times a day I wonder if MySQL','2011-03-25 18:34:13','2011-03-25 18:34:13'),(12,1,'The first time I\'ve ever used Firefox','There are reports of people starting to demonstrate against the use of Lynx. Taking a step back from these ideas, I had to check the project site to see if they still used SPSS. In closing, this is why I recommend SAS','2011-03-25 18:34:13','2011-03-25 18:34:13'),(13,2,'Seventeen reasons I\'m sick of Javascript','Several times a day I wonder if Oracle. But, I remain commited to the idea of SPSS. There are reports of people starting to demonstrate against the use of Ant','2011-03-25 18:34:13','2011-03-25 18:34:13'),(14,1,'Seventeen reasons I\'m sick of Ant','In closing, this is why I recommend Redhat. But, I remain commited to the idea of R. Taking a step back from these ideas, I had to check the project site to see if they still used SQL Server','2011-03-25 18:34:13','2011-03-25 18:34:13'),(15,1,'5 Secrets of ATG','I could have developed this application to use Redhat. No I won\'t use R. In closing, this is why I recommend Oracle','2011-03-25 18:34:13','2011-03-25 18:34:13'),(16,1,'Open source Yum','Certainly, there is a better way to Ant. Certainly, there is a better way to GNU/Linux. Several times a day I wonder if Make','2011-03-25 18:34:13','2011-03-25 18:34:13'),(17,1,'Do you know what saved us money? Yum','Taking a step back from these ideas, I had to check the project site to see if they still used curl. There are reports of people starting to demonstrate against the use of Ubuntu. Several times a day I wonder if tcsh','2011-03-25 18:34:14','2011-03-25 18:34:14'),(18,2,'Never again will I use Waterfall','There are reports of people starting to demonstrate against the use of Lynx. No I won\'t use Java. Certainly, there is a better way to wget','2011-03-25 18:34:14','2011-03-25 18:34:14'),(19,2,'The first time I\'ve ever used for loops','Right, so to carry this idea even further down the road, what would happen if we moved everything to Linux. Several times a day I wonder if Rails. Taking a step back from these ideas, I had to check the project site to see if they still used tcsh','2011-03-25 18:34:14','2011-03-25 18:34:14'),(20,1,'Seventeen reasons I\'m sick of Cellphones','But, I remain commited to the idea of Drizzle. In closing, this is why I recommend Redhat. There are reports of people starting to demonstrate against the use of Sybase','2011-03-25 18:34:14','2011-03-25 18:34:14'),(21,3,'5 Secrets of Javascript','Taking a step back from these ideas, I had to check the project site to see if they still used tcsh. No I won\'t use Buildr. Right, so to carry this idea even further down the road, what would happen if we moved everything to Apache','2011-03-25 18:34:14','2011-03-25 18:34:14'),(22,2,'Vote for Open Core','In closing, this is why I recommend Jenkins. In closing, this is why I recommend wget. There are reports of people starting to demonstrate against the use of Ubuntu','2011-03-25 18:34:14','2011-03-25 18:34:14'),(23,1,'I\'m in love with Ant','No I won\'t use Rails. Several times a day I wonder if Maven. I could have developed this application to use Maven','2011-03-25 18:34:14','2011-03-25 18:34:14'),(24,2,'Seventeen reasons I\'m sick of MySQL','Certainly, there is a better way to Linux. I could have developed this application to use GNU/Linux. In closing, this is why I recommend Make','2011-03-25 18:34:14','2011-03-25 18:34:14'),(25,2,'Open source Waterfall','I could have developed this application to use Make. But, I remain commited to the idea of Linux. No I won\'t use bash','2011-03-25 18:34:14','2011-03-25 18:34:14'),(26,3,'I hate R','Taking a step back from these ideas, I had to check the project site to see if they still used Drizzle. Right, so to carry this idea even further down the road, what would happen if we moved everything to MySQL. I could have developed this application to use R','2011-03-25 18:34:14','2011-03-25 18:34:14'),(27,2,'Do you know what saved us money? Linux','There are reports of people starting to demonstrate against the use of Java. Certainly, there is a better way to wget. Certainly, there is a better way to Linux','2011-03-25 18:34:14','2011-03-25 18:34:14'),(28,1,'Vote for Open Core','But, I remain commited to the idea of Linux. In closing, this is why I recommend Apache. There are reports of people starting to demonstrate against the use of curl','2011-03-25 18:34:14','2011-03-25 18:34:14'),(29,1,'Only idiots use Bankstreet Writer','But, I remain commited to the idea of Oracle. Certainly, there is a better way to Jenkins. I could have developed this application to use Ubuntu','2011-03-25 18:34:14','2011-03-25 18:34:14'),(30,1,'Ha! They use SAS','I could have developed this application to use Nginx. I could have developed this application to use Ruby. There are reports of people starting to demonstrate against the use of Buildr','2011-03-25 18:34:14','2011-03-25 18:34:14'),(31,2,'Why do people still use emacs','Taking a step back from these ideas, I had to check the project site to see if they still used SQL Server. In closing, this is why I recommend getopt. Right, so to carry this idea even further down the road, what would happen if we moved everything to MySQL','2011-03-25 18:34:14','2011-03-25 18:34:14'),(32,2,'5 Secrets of Ant','There are reports of people starting to demonstrate against the use of SPSS. Right, so to carry this idea even further down the road, what would happen if we moved everything to MySQL. Certainly, there is a better way to MySQL','2011-03-25 18:34:14','2011-03-25 18:34:14'),(33,5,'The power of Google','But, I remain commited to the idea of GNU/Linux. Taking a step back from these ideas, I had to check the project site to see if they still used Make. I could have developed this application to use SAS','2011-03-25 18:34:14','2011-03-25 18:34:14'),(34,3,'Honestly, I\'m sick and tired of Windows','But, I remain commited to the idea of Oracle. There are reports of people starting to demonstrate against the use of SPSS. But, I remain commited to the idea of Buildr','2011-03-25 18:34:14','2011-03-25 18:34:14'),(35,3,'Only idiots use Karate','In closing, this is why I recommend tcsh. No I won\'t use Sybase. Certainly, there is a better way to Ubuntu','2011-03-25 18:34:14','2011-03-25 18:34:14'),(36,2,'I hate Yum','But, I remain commited to the idea of getopt. In closing, this is why I recommend Jenkins. Right, so to carry this idea even further down the road, what would happen if we moved everything to getopt','2011-03-25 18:34:14','2011-03-25 18:34:14'),(37,1,'Only idiots use Cylons','Certainly, there is a better way to wget. But, I remain commited to the idea of Buildr. No I won\'t use Lynx','2011-03-25 18:34:14','2011-03-25 18:34:14'),(38,1,'Everything I ever needed to know about Spyware','Right, so to carry this idea even further down the road, what would happen if we moved everything to getopt. Certainly, there is a better way to Ruby. Right, so to carry this idea even further down the road, what would happen if we moved everything to tcsh','2011-03-25 18:34:14','2011-03-25 18:34:14'),(39,1,'Why do people still use Chrome','No I won\'t use Sybase. There are reports of people starting to demonstrate against the use of Maven. I could have developed this application to use R','2011-03-25 18:34:15','2011-03-25 18:34:15'),(40,1,'The first time I\'ve ever used Firefox','But, I remain commited to the idea of SAS. There are reports of people starting to demonstrate against the use of Maven. No I won\'t use SAS','2011-03-25 18:34:15','2011-03-25 18:34:15'),(41,2,'Everything I ever needed to know about Spyware','Several times a day I wonder if bash. Several times a day I wonder if MySQL. Right, so to carry this idea even further down the road, what would happen if we moved everything to Redhat','2011-03-25 18:34:15','2011-03-25 18:34:15'),(42,2,'Honestly, I\'m sick and tired of Firefox','Several times a day I wonder if Oracle. But, I remain commited to the idea of Apache. But, I remain commited to the idea of Ant','2011-03-25 18:34:15','2011-03-25 18:34:15'),(43,3,'Everything I ever needed to know about Java','I could have developed this application to use Ant. In closing, this is why I recommend wget. Taking a step back from these ideas, I had to check the project site to see if they still used bash','2011-03-25 18:34:15','2011-03-25 18:34:15'),(44,1,'Only idiots use Maven','There are reports of people starting to demonstrate against the use of Rails. I could have developed this application to use Oracle. Right, so to carry this idea even further down the road, what would happen if we moved everything to Maven','2011-03-25 18:34:15','2011-03-25 18:34:15'),(45,1,'Everyone should use for loops','Several times a day I wonder if Apache. In closing, this is why I recommend GNU/Linux. No I won\'t use Linux','2011-03-25 18:34:15','2011-03-25 18:34:15'),(46,5,'Honestly, I\'m sick and tired of Python','In closing, this is why I recommend Jenkins. Right, so to carry this idea even further down the road, what would happen if we moved everything to Drizzle. But, I remain commited to the idea of Jenkins','2011-03-25 18:34:15','2011-03-25 18:34:15'),(47,3,'5 Secrets of Jujitsu','Taking a step back from these ideas, I had to check the project site to see if they still used Lynx. There are reports of people starting to demonstrate against the use of MySQL. Several times a day I wonder if Ubuntu','2011-03-25 18:34:15','2011-03-25 18:34:15'),(48,2,'Never again will I use edlin','In closing, this is why I recommend Java. There are reports of people starting to demonstrate against the use of Oracle. Taking a step back from these ideas, I had to check the project site to see if they still used Maven','2011-03-25 18:34:15','2011-03-25 18:34:15'),(49,1,'The power of R','But, I remain commited to the idea of Rails. But, I remain commited to the idea of Linux. In closing, this is why I recommend tcsh','2011-03-25 18:34:15','2011-03-25 18:34:15'),(50,2,'Never again will I use emacs','Right, so to carry this idea even further down the road, what would happen if we moved everything to Nginx. Several times a day I wonder if tcsh. But, I remain commited to the idea of curl','2011-03-25 18:34:15','2011-03-25 18:34:15'),(51,2,'Never again will I use Bing','Certainly, there is a better way to Jenkins. I could have developed this application to use SQL Server. No I won\'t use Apache','2011-03-25 18:34:15','2011-03-25 18:34:15'),(52,2,'Do you know what saved us money? ATG','I could have developed this application to use Rails. Several times a day I wonder if SQL Server. Taking a step back from these ideas, I had to check the project site to see if they still used Ant','2011-03-25 18:34:15','2011-03-25 18:34:15'),(53,7,'Who is Responsible for Shareware','No I won\'t use SAS. Right, so to carry this idea even further down the road, what would happen if we moved everything to Lynx. I could have developed this application to use getopt','2011-03-25 18:34:15','2011-03-25 18:34:15'),(54,1,'Everything I ever needed to know about Karate','In closing, this is why I recommend GNU/Linux. Certainly, there is a better way to wget. Several times a day I wonder if SAS','2011-03-25 18:34:15','2011-03-25 18:34:15'),(55,2,'Ha! They use for loops','No I won\'t use Java. In closing, this is why I recommend Drizzle. Certainly, there is a better way to MySQL','2011-03-25 18:34:15','2011-03-25 18:34:15'),(56,3,'Never again will I use Ant','There are reports of people starting to demonstrate against the use of Ubuntu. No I won\'t use Lynx. Certainly, there is a better way to Ubuntu','2011-03-25 18:34:15','2011-03-25 18:34:15'),(57,3,'Who is Responsible for Wordpress','I could have developed this application to use Linux. No I won\'t use Apache. Certainly, there is a better way to bash','2011-03-25 18:34:15','2011-03-25 18:34:15'),(58,3,'I\'m in love with Ubuntu','No I won\'t use Ruby. In closing, this is why I recommend curl. I could have developed this application to use Linux','2011-03-25 18:34:15','2011-03-25 18:34:15'),(59,1,'The power of Magento','Certainly, there is a better way to wget. Certainly, there is a better way to SQL Server. No I won\'t use Rails','2011-03-25 18:34:15','2011-03-25 18:34:15'),(60,4,'Why do people still use HTML','No I won\'t use wget. I could have developed this application to use MySQL. But, I remain commited to the idea of Sybase','2011-03-25 18:34:16','2011-03-25 18:34:16'),(61,1,'The power of Open Core','No I won\'t use R. But, I remain commited to the idea of R. Right, so to carry this idea even further down the road, what would happen if we moved everything to wget','2011-03-25 18:34:16','2011-03-25 18:34:16'),(62,1,'Why do people still use Cellphones','But, I remain commited to the idea of Drizzle. Taking a step back from these ideas, I had to check the project site to see if they still used Make. Several times a day I wonder if Linux','2011-03-25 18:34:16','2011-03-25 18:34:16'),(63,1,'Everything I ever needed to know about Cylons','But, I remain commited to the idea of bash. Certainly, there is a better way to Ant. I could have developed this application to use Oracle','2011-03-25 18:34:16','2011-03-25 18:34:16'),(64,1,'I will quit if we use Maven','Right, so to carry this idea even further down the road, what would happen if we moved everything to Nginx. There are reports of people starting to demonstrate against the use of bash. No I won\'t use Maven','2011-03-25 18:34:16','2011-03-25 18:34:16'),(65,2,'I will quit if we use MySQL','There are reports of people starting to demonstrate against the use of Rails. Several times a day I wonder if Ubuntu. Right, so to carry this idea even further down the road, what would happen if we moved everything to Jenkins','2011-03-25 18:34:16','2011-03-25 18:34:16'),(66,2,'The power of Windows','I could have developed this application to use Rails. Taking a step back from these ideas, I had to check the project site to see if they still used Linux. Several times a day I wonder if Oracle','2011-03-25 18:34:16','2011-03-25 18:34:16'),(67,1,'Everything I ever needed to know about Agile','No I won\'t use R. Taking a step back from these ideas, I had to check the project site to see if they still used SPSS. Certainly, there is a better way to SAS','2011-03-25 18:34:16','2011-03-25 18:34:16'),(68,2,'Do you know what saved us money? Wordpress','But, I remain commited to the idea of SAS. There are reports of people starting to demonstrate against the use of Linux. There are reports of people starting to demonstrate against the use of Ruby','2011-03-25 18:34:16','2011-03-25 18:34:16'),(69,1,'5 Secrets of Chrome','There are reports of people starting to demonstrate against the use of Linux. There are reports of people starting to demonstrate against the use of Sybase. Several times a day I wonder if Apache','2011-03-25 18:34:16','2011-03-25 18:34:16'),(70,4,'I will quit if we use Ruby on Rails','Certainly, there is a better way to Nginx. There are reports of people starting to demonstrate against the use of Ubuntu. In closing, this is why I recommend Java','2011-03-25 18:34:16','2011-03-25 18:34:16'),(71,3,'Vote for Cellphones','Several times a day I wonder if Ruby. I could have developed this application to use Ant. But, I remain commited to the idea of SAS','2011-03-25 18:34:16','2011-03-25 18:34:16'),(72,5,'I\'m in love with Ubuntu','No I won\'t use Buildr. I could have developed this application to use curl. No I won\'t use Redhat','2011-03-25 18:34:16','2011-03-25 18:34:16'),(73,1,'I will quit if we use Jujitsu','No I won\'t use Oracle. There are reports of people starting to demonstrate against the use of Drizzle. Right, so to carry this idea even further down the road, what would happen if we moved everything to Rails','2011-03-25 18:34:16','2011-03-25 18:34:16'),(74,1,'The first time I\'ve ever used Jujitsu','Right, so to carry this idea even further down the road, what would happen if we moved everything to tcsh. I could have developed this application to use SAS. No I won\'t use Drizzle','2011-03-25 18:34:16','2011-03-25 18:34:16'),(75,2,'Seventeen reasons I\'m sick of Redhat','There are reports of people starting to demonstrate against the use of Linux. Right, so to carry this idea even further down the road, what would happen if we moved everything to getopt. Certainly, there is a better way to getopt','2011-03-25 18:34:16','2011-03-25 18:34:16'),(76,3,'I\'m in love with Cylons','Right, so to carry this idea even further down the road, what would happen if we moved everything to Oracle. Right, so to carry this idea even further down the road, what would happen if we moved everything to Ubuntu. I could have developed this application to use Maven','2011-03-25 18:34:16','2011-03-25 18:34:16'),(77,1,'Do you know what saved us money? Netscape','Certainly, there is a better way to GNU/Linux. But, I remain commited to the idea of GNU/Linux. There are reports of people starting to demonstrate against the use of Rails','2011-03-25 18:34:16','2011-03-25 18:34:16'),(78,2,'Three reasons to use Weblogic','I could have developed this application to use Maven. There are reports of people starting to demonstrate against the use of Buildr. Right, so to carry this idea even further down the road, what would happen if we moved everything to getopt','2011-03-25 18:34:16','2011-03-25 18:34:16'),(79,2,'Do you know what saved us money? R','Taking a step back from these ideas, I had to check the project site to see if they still used Maven. In closing, this is why I recommend wget. Certainly, there is a better way to Jenkins','2011-03-25 18:34:16','2011-03-25 18:34:16'),(80,3,'Everything I ever needed to know about Ant','Taking a step back from these ideas, I had to check the project site to see if they still used Lynx. Taking a step back from these ideas, I had to check the project site to see if they still used Lynx. Taking a step back from these ideas, I had to check the project site to see if they still used Sybase','2011-03-25 18:34:16','2011-03-25 18:34:16'),(81,3,'The power of GNU/Linux','Several times a day I wonder if Rails. But, I remain commited to the idea of Ruby. Taking a step back from these ideas, I had to check the project site to see if they still used Jenkins','2011-03-25 18:34:16','2011-03-25 18:34:16'),(82,1,'Only idiots use Wordperfect','But, I remain commited to the idea of Apache. In closing, this is why I recommend getopt. In closing, this is why I recommend Redhat','2011-03-25 18:34:16','2011-03-25 18:34:16'),(83,1,'5 Secrets of Spyware','Right, so to carry this idea even further down the road, what would happen if we moved everything to SPSS. In closing, this is why I recommend SPSS. Right, so to carry this idea even further down the road, what would happen if we moved everything to MySQL','2011-03-25 18:34:17','2011-03-25 18:34:17'),(84,1,'The power of Javascript','There are reports of people starting to demonstrate against the use of Lynx. Certainly, there is a better way to Java. Several times a day I wonder if wget','2011-03-25 18:34:17','2011-03-25 18:34:17'),(85,1,'Who is Responsible for Firefox','There are reports of people starting to demonstrate against the use of Lynx. No I won\'t use SQL Server. Several times a day I wonder if Ubuntu','2011-03-25 18:34:17','2011-03-25 18:34:17'),(86,2,'Vote for Netscape','There are reports of people starting to demonstrate against the use of Nginx. Taking a step back from these ideas, I had to check the project site to see if they still used R. Taking a step back from these ideas, I had to check the project site to see if they still used Sybase','2011-03-25 18:34:17','2011-03-25 18:34:17'),(87,1,'Vote for Bing','Taking a step back from these ideas, I had to check the project site to see if they still used SAS. I could have developed this application to use Drizzle. Right, so to carry this idea even further down the road, what would happen if we moved everything to Drizzle','2011-03-25 18:34:17','2011-03-25 18:34:17'),(88,2,'5 Secrets of Linux','There are reports of people starting to demonstrate against the use of Buildr. Taking a step back from these ideas, I had to check the project site to see if they still used Oracle. Taking a step back from these ideas, I had to check the project site to see if they still used Ant','2011-03-25 18:34:17','2011-03-25 18:34:17'),(89,2,'I\'m in love with Drizzle','I could have developed this application to use Drizzle. No I won\'t use Buildr. Right, so to carry this idea even further down the road, what would happen if we moved everything to SQL Server','2011-03-25 18:34:17','2011-03-25 18:34:17'),(90,1,'Open source Drizzle','There are reports of people starting to demonstrate against the use of SQL Server. Certainly, there is a better way to wget. In closing, this is why I recommend MySQL','2011-03-25 18:34:17','2011-03-25 18:34:17'),(91,1,'Surprisingly enough, we\'re using Agile','There are reports of people starting to demonstrate against the use of wget. There are reports of people starting to demonstrate against the use of curl. Taking a step back from these ideas, I had to check the project site to see if they still used Ubuntu','2011-03-25 18:34:17','2011-03-25 18:34:17'),(92,2,'Do you know what saved us money? Python','Several times a day I wonder if MySQL. In closing, this is why I recommend curl. No I won\'t use SAS','2011-03-25 18:34:17','2011-03-25 18:34:17'),(93,2,'Everyone should use Magento','Right, so to carry this idea even further down the road, what would happen if we moved everything to MySQL. Right, so to carry this idea even further down the road, what would happen if we moved everything to Sybase. No I won\'t use Sybase','2011-03-25 18:34:17','2011-03-25 18:34:17'),(94,1,'Surprisingly enough, we\'re using Weblogic','Right, so to carry this idea even further down the road, what would happen if we moved everything to wget. There are reports of people starting to demonstrate against the use of Nginx. Several times a day I wonder if Nginx','2011-03-25 18:34:17','2011-03-25 18:34:17'),(95,1,'I will quit if we use Chrome','Taking a step back from these ideas, I had to check the project site to see if they still used Buildr. Certainly, there is a better way to Rails. I could have developed this application to use tcsh','2011-03-25 18:34:17','2011-03-25 18:34:17'),(96,3,'I hate Open Core','There are reports of people starting to demonstrate against the use of Ruby. There are reports of people starting to demonstrate against the use of Rails. Taking a step back from these ideas, I had to check the project site to see if they still used Apache','2011-03-25 18:34:17','2011-03-25 18:34:17'),(97,2,'Only idiots use Firefox','Certainly, there is a better way to Rails. No I won\'t use Linux. There are reports of people starting to demonstrate against the use of Redhat','2011-03-25 18:34:17','2011-03-25 18:34:17'),(98,3,'Seventeen reasons I\'m sick of HTML','There are reports of people starting to demonstrate against the use of Apache. No I won\'t use Maven. No I won\'t use Java','2011-03-25 18:34:17','2011-03-25 18:34:17'),(99,2,'What people need to know about Compilers','Taking a step back from these ideas, I had to check the project site to see if they still used MySQL. There are reports of people starting to demonstrate against the use of Apache. Several times a day I wonder if Linux','2011-03-25 18:34:17','2011-03-25 18:34:17'),(100,2,'Seventeen reasons I\'m sick of Open Core','I could have developed this application to use bash. Several times a day I wonder if SQL Server. Certainly, there is a better way to wget','2011-03-25 18:34:17','2011-03-25 18:34:17');
INSERT INTO `comments` (`id`, `post_id`, `user_id`, `message`, `created_at`, `updated_at`) VALUES (1,16,1,'Haven\'t had any problems with SPSS','2011-03-25 18:34:17','2011-03-25 18:34:17'),(2,6,1,'Haven\'t had any problems with SAS','2011-03-25 18:34:17','2011-03-25 18:34:17'),(3,5,3,'Yep, never liked Java','2011-03-25 18:34:17','2011-03-25 18:34:17'),(4,3,1,'First Comment about Java','2011-03-25 18:34:17','2011-03-25 18:34:17'),(5,20,2,'I challenge you to a duel over your opinion on Ubuntu','2011-03-25 18:34:18','2011-03-25 18:34:18'),(6,10,1,'Carry that idea further, I\'d like to learn more about SPSS','2011-03-25 18:34:18','2011-03-25 18:34:18'),(7,11,4,'Yep, never liked Apache','2011-03-25 18:34:18','2011-03-25 18:34:18'),(8,5,1,'Yep, never liked curl','2011-03-25 18:34:18','2011-03-25 18:34:18'),(9,23,1,'Carry that idea further, I\'d like to learn more about Jenkins','2011-03-25 18:34:18','2011-03-25 18:34:18'),(10,9,1,'Yep, never liked getopt','2011-03-25 18:34:18','2011-03-25 18:34:18'),(11,8,2,'Haven\'t had any problems with Linux','2011-03-25 18:34:18','2011-03-25 18:34:18'),(12,9,3,'Yep, never liked Buildr','2011-03-25 18:34:18','2011-03-25 18:34:18'),(13,5,2,'Right on, I always though we should use GNU/Linux','2011-03-25 18:34:18','2011-03-25 18:34:18'),(14,8,2,'I challenge you to a duel over your opinion on Rails','2011-03-25 18:34:18','2011-03-25 18:34:18'),(15,6,2,'Haven\'t had any problems with Jenkins','2011-03-25 18:34:18','2011-03-25 18:34:18'),(16,29,3,'First Comment about Rails','2011-03-25 18:34:18','2011-03-25 18:34:18'),(17,9,2,'Carry that idea further, I\'d like to learn more about Drizzle','2011-03-25 18:34:18','2011-03-25 18:34:18'),(18,7,1,'Carry that idea further, I\'d like to learn more about Make','2011-03-25 18:34:18','2011-03-25 18:34:18'),(19,40,1,'First Comment about curl','2011-03-25 18:34:18','2011-03-25 18:34:18'),(20,22,3,'First Comment about Linux','2011-03-25 18:34:18','2011-03-25 18:34:18'),(21,7,3,'Right on, I always though we should use tcsh','2011-03-25 18:34:18','2011-03-25 18:34:18'),(22,20,2,'Haven\'t had any problems with Jenkins','2011-03-25 18:34:18','2011-03-25 18:34:18'),(23,4,2,'I challenge you to a duel over your opinion on SQL Server','2011-03-25 18:34:18','2011-03-25 18:34:18'),(24,1,2,'I challenge you to a duel over your opinion on Nginx','2011-03-25 18:34:18','2011-03-25 18:34:18'),(25,24,1,'Right on, I always though we should use bash','2011-03-25 18:34:18','2011-03-25 18:34:18'),(26,14,3,'Carry that idea further, I\'d like to learn more about wget','2011-03-25 18:34:18','2011-03-25 18:34:18'),(27,9,3,'I challenge you to a duel over your opinion on Oracle','2011-03-25 18:34:19','2011-03-25 18:34:19'),(28,17,1,'Haven\'t had any problems with Nginx','2011-03-25 18:34:19','2011-03-25 18:34:19'),(29,24,1,'Right on, I always though we should use Ruby','2011-03-25 18:34:19','2011-03-25 18:34:19'),(30,4,1,'I challenge you to a duel over your opinion on getopt','2011-03-25 18:34:19','2011-03-25 18:34:19'),(31,14,1,'Right on, I always though we should use Ruby','2011-03-25 18:34:19','2011-03-25 18:34:19'),(32,16,2,'I challenge you to a duel over your opinion on SQL Server','2011-03-25 18:34:19','2011-03-25 18:34:19'),(33,25,2,'Haven\'t had any problems with Maven','2011-03-25 18:34:19','2011-03-25 18:34:19'),(34,9,3,'First Comment about Jenkins','2011-03-25 18:34:19','2011-03-25 18:34:19'),(35,38,2,'I challenge you to a duel over your opinion on SQL Server','2011-03-25 18:34:19','2011-03-25 18:34:19'),(36,23,1,'Yep, never liked Jenkins','2011-03-25 18:34:19','2011-03-25 18:34:19'),(37,1,4,'Carry that idea further, I\'d like to learn more about Nginx','2011-03-25 18:34:19','2011-03-25 18:34:19'),(38,1,1,'I challenge you to a duel over your opinion on Linux','2011-03-25 18:34:19','2011-03-25 18:34:19'),(39,27,1,'Yep, never liked Jenkins','2011-03-25 18:34:19','2011-03-25 18:34:19'),(40,15,1,'Carry that idea further, I\'d like to learn more about Jenkins','2011-03-25 18:34:19','2011-03-25 18:34:19'),(41,25,2,'Haven\'t had any problems with SPSS','2011-03-25 18:34:19','2011-03-25 18:34:19'),(42,7,5,'Yep, never liked Ubuntu','2011-03-25 18:34:19','2011-03-25 18:34:19'),(43,4,1,'Right on, I always though we should use bash','2011-03-25 18:34:19','2011-03-25 18:34:19'),(44,1,1,'First Comment about Ant','2011-03-25 18:34:19','2011-03-25 18:34:19'),(45,2,3,'I challenge you to a duel over your opinion on Oracle','2011-03-25 18:34:19','2011-03-25 18:34:19'),(46,3,1,'Haven\'t had any problems with SPSS','2011-03-25 18:34:19','2011-03-25 18:34:19'),(47,23,1,'Carry that idea further, I\'d like to learn more about getopt','2011-03-25 18:34:19','2011-03-25 18:34:19'),(48,16,3,'I challenge you to a duel over your opinion on Drizzle','2011-03-25 18:34:19','2011-03-25 18:34:19'),(49,5,1,'Yep, never liked Drizzle','2011-03-25 18:34:19','2011-03-25 18:34:19'),(50,4,4,'I challenge you to a duel over your opinion on Make','2011-03-25 18:34:20','2011-03-25 18:34:20'),(51,8,3,'Right on, I always though we should use getopt','2011-03-25 18:34:20','2011-03-25 18:34:20'),(52,19,1,'I challenge you to a duel over your opinion on Ubuntu','2011-03-25 18:34:20','2011-03-25 18:34:20'),(53,12,4,'Right on, I always though we should use Rails','2011-03-25 18:34:20','2011-03-25 18:34:20'),(54,10,6,'Carry that idea further, I\'d like to learn more about Ubuntu','2011-03-25 18:34:20','2011-03-25 18:34:20'),(55,3,3,'First Comment about Java','2011-03-25 18:34:20','2011-03-25 18:34:20'),(56,19,3,'Right on, I always though we should use Maven','2011-03-25 18:34:20','2011-03-25 18:34:20'),(57,7,5,'Haven\'t had any problems with Lynx','2011-03-25 18:34:20','2011-03-25 18:34:20'),(58,33,2,'First Comment about Buildr','2011-03-25 18:34:20','2011-03-25 18:34:20'),(59,27,3,'I challenge you to a duel over your opinion on MySQL','2011-03-25 18:34:20','2011-03-25 18:34:20'),(60,28,1,'First Comment about MySQL','2011-03-25 18:34:20','2011-03-25 18:34:20'),(61,14,1,'Haven\'t had any problems with Ubuntu','2011-03-25 18:34:20','2011-03-25 18:34:20'),(62,2,2,'Right on, I always though we should use Java','2011-03-25 18:34:20','2011-03-25 18:34:20'),(63,7,3,'I challenge you to a duel over your opinion on Redhat','2011-03-25 18:34:20','2011-03-25 18:34:20'),(64,6,1,'Yep, never liked Jenkins','2011-03-25 18:34:20','2011-03-25 18:34:20'),(65,9,2,'Carry that idea further, I\'d like to learn more about Java','2011-03-25 18:34:20','2011-03-25 18:34:20'),(66,25,1,'Right on, I always though we should use SPSS','2011-03-25 18:34:20','2011-03-25 18:34:20'),(67,8,1,'Haven\'t had any problems with Ubuntu','2011-03-25 18:34:20','2011-03-25 18:34:20'),(68,2,1,'Yep, never liked Ruby','2011-03-25 18:34:20','2011-03-25 18:34:20'),(69,8,1,'I challenge you to a duel over your opinion on Ruby','2011-03-25 18:34:20','2011-03-25 18:34:20'),(70,21,4,'Yep, never liked Make','2011-03-25 18:34:20','2011-03-25 18:34:20'),(71,6,1,'Haven\'t had any problems with Drizzle','2011-03-25 18:34:20','2011-03-25 18:34:20'),(72,10,1,'Haven\'t had any problems with Rails','2011-03-25 18:34:20','2011-03-25 18:34:20'),(73,27,2,'Yep, never liked Apache','2011-03-25 18:34:21','2011-03-25 18:34:21'),(74,3,2,'Right on, I always though we should use Buildr','2011-03-25 18:34:21','2011-03-25 18:34:21'),(75,37,3,'Yep, never liked wget','2011-03-25 18:34:21','2011-03-25 18:34:21'),(76,8,1,'I challenge you to a duel over your opinion on Buildr','2011-03-25 18:34:21','2011-03-25 18:34:21'),(77,16,2,'I challenge you to a duel over your opinion on Redhat','2011-03-25 18:34:21','2011-03-25 18:34:21'),(78,25,2,'First Comment about Jenkins','2011-03-25 18:34:21','2011-03-25 18:34:21'),(79,7,2,'Yep, never liked bash','2011-03-25 18:34:21','2011-03-25 18:34:21'),(80,39,1,'Haven\'t had any problems with Buildr','2011-03-25 18:34:21','2011-03-25 18:34:21'),(81,39,1,'Carry that idea further, I\'d like to learn more about Java','2011-03-25 18:34:21','2011-03-25 18:34:21'),(82,2,1,'First Comment about SQL Server','2011-03-25 18:34:21','2011-03-25 18:34:21'),(83,5,1,'First Comment about SPSS','2011-03-25 18:34:21','2011-03-25 18:34:21'),(84,3,3,'Haven\'t had any problems with Make','2011-03-25 18:34:21','2011-03-25 18:34:21'),(85,19,2,'Haven\'t had any problems with Rails','2011-03-25 18:34:21','2011-03-25 18:34:21'),(86,12,2,'Haven\'t had any problems with Linux','2011-03-25 18:34:21','2011-03-25 18:34:21'),(87,17,3,'Right on, I always though we should use bash','2011-03-25 18:34:21','2011-03-25 18:34:21'),(88,22,1,'Carry that idea further, I\'d like to learn more about Nginx','2011-03-25 18:34:21','2011-03-25 18:34:21'),(89,19,1,'Yep, never liked Maven','2011-03-25 18:34:21','2011-03-25 18:34:21'),(90,10,1,'I challenge you to a duel over your opinion on Java','2011-03-25 18:34:21','2011-03-25 18:34:21'),(91,15,1,'Carry that idea further, I\'d like to learn more about Linux','2011-03-25 18:34:21','2011-03-25 18:34:21'),(92,15,2,'Carry that idea further, I\'d like to learn more about Redhat','2011-03-25 18:34:21','2011-03-25 18:34:21'),(93,5,3,'First Comment about Buildr','2011-03-25 18:34:21','2011-03-25 18:34:21'),(94,3,1,'First Comment about SPSS','2011-03-25 18:34:21','2011-03-25 18:34:21'),(95,2,2,'Right on, I always though we should use Oracle','2011-03-25 18:34:22','2011-03-25 18:34:22'),(96,11,2,'I challenge you to a duel over your opinion on Ubuntu','2011-03-25 18:34:22','2011-03-25 18:34:22'),(97,8,2,'Carry that idea further, I\'d like to learn more about Redhat','2011-03-25 18:34:22','2011-03-25 18:34:22'),(98,26,1,'I challenge you to a duel over your opinion on Buildr','2011-03-25 18:34:22','2011-03-25 18:34:22'),(99,18,1,'Right on, I always though we should use MySQL','2011-03-25 18:34:22','2011-03-25 18:34:22'),(100,5,1,'Yep, never liked R','2011-03-25 18:34:22','2011-03-25 18:34:22'),(101,1,1,'I challenge you to a duel over your opinion on Ubuntu','2011-03-25 18:34:22','2011-03-25 18:34:22'),(102,5,1,'Yep, never liked Rails','2011-03-25 18:34:22','2011-03-25 18:34:22'),(103,12,2,'Haven\'t had any problems with wget','2011-03-25 18:34:22','2011-03-25 18:34:22'),(104,4,1,'Carry that idea further, I\'d like to learn more about Make','2011-03-25 18:34:22','2011-03-25 18:34:22'),(105,2,1,'Carry that idea further, I\'d like to learn more about tcsh','2011-03-25 18:34:22','2011-03-25 18:34:22'),(106,15,2,'I challenge you to a duel over your opinion on MySQL','2011-03-25 18:34:22','2011-03-25 18:34:22'),(107,2,1,'Haven\'t had any problems with getopt','2011-03-25 18:34:22','2011-03-25 18:34:22'),(108,13,3,'Haven\'t had any problems with Ruby','2011-03-25 18:34:22','2011-03-25 18:34:22'),(109,35,3,'First Comment about GNU/Linux','2011-03-25 18:34:22','2011-03-25 18:34:22'),(110,23,1,'I challenge you to a duel over your opinion on bash','2011-03-25 18:34:22','2011-03-25 18:34:22'),(111,11,1,'Carry that idea further, I\'d like to learn more about Sybase','2011-03-25 18:34:22','2011-03-25 18:34:22'),(112,3,2,'Yep, never liked Ubuntu','2011-03-25 18:34:22','2011-03-25 18:34:22'),(113,9,1,'I challenge you to a duel over your opinion on curl','2011-03-25 18:34:22','2011-03-25 18:34:22'),(114,13,2,'Yep, never liked Make','2011-03-25 18:34:22','2011-03-25 18:34:22'),(115,25,1,'Carry that idea further, I\'d like to learn more about Rails','2011-03-25 18:34:23','2011-03-25 18:34:23'),(116,3,1,'Right on, I always though we should use wget','2011-03-25 18:34:23','2011-03-25 18:34:23'),(117,11,1,'Haven\'t had any problems with curl','2011-03-25 18:34:23','2011-03-25 18:34:23'),(118,4,1,'Haven\'t had any problems with Buildr','2011-03-25 18:34:23','2011-03-25 18:34:23'),(119,14,2,'Haven\'t had any problems with Apache','2011-03-25 18:34:23','2011-03-25 18:34:23'),(120,1,4,'I challenge you to a duel over your opinion on Sybase','2011-03-25 18:34:23','2011-03-25 18:34:23'),(121,17,1,'I challenge you to a duel over your opinion on SQL Server','2011-03-25 18:34:23','2011-03-25 18:34:23'),(122,8,3,'I challenge you to a duel over your opinion on SAS','2011-03-25 18:34:23','2011-03-25 18:34:23'),(123,7,1,'Yep, never liked Maven','2011-03-25 18:34:23','2011-03-25 18:34:23'),(124,9,1,'Right on, I always though we should use SAS','2011-03-25 18:34:23','2011-03-25 18:34:23'),(125,16,2,'I challenge you to a duel over your opinion on bash','2011-03-25 18:34:23','2011-03-25 18:34:23'),(126,14,3,'I challenge you to a duel over your opinion on Apache','2011-03-25 18:34:23','2011-03-25 18:34:23'),(127,4,5,'First Comment about Ubuntu','2011-03-25 18:34:23','2011-03-25 18:34:23'),(128,1,3,'Yep, never liked SQL Server','2011-03-25 18:34:23','2011-03-25 18:34:23'),(129,1,2,'Carry that idea further, I\'d like to learn more about GNU/Linux','2011-03-25 18:34:23','2011-03-25 18:34:23'),(130,9,2,'I challenge you to a duel over your opinion on Java','2011-03-25 18:34:23','2011-03-25 18:34:23'),(131,1,2,'First Comment about MySQL','2011-03-25 18:34:23','2011-03-25 18:34:23'),(132,27,1,'First Comment about wget','2011-03-25 18:34:23','2011-03-25 18:34:23'),(133,19,2,'Haven\'t had any problems with R','2011-03-25 18:34:24','2011-03-25 18:34:24'),(134,9,1,'Haven\'t had any problems with Ant','2011-03-25 18:34:24','2011-03-25 18:34:24'),(135,18,4,'I challenge you to a duel over your opinion on tcsh','2011-03-25 18:34:24','2011-03-25 18:34:24'),(136,21,3,'Carry that idea further, I\'d like to learn more about tcsh','2011-03-25 18:34:24','2011-03-25 18:34:24'),(137,7,2,'I challenge you to a duel over your opinion on Ruby','2011-03-25 18:34:24','2011-03-25 18:34:24'),(138,7,1,'Haven\'t had any problems with R','2011-03-25 18:34:24','2011-03-25 18:34:24'),(139,9,1,'I challenge you to a duel over your opinion on Redhat','2011-03-25 18:34:24','2011-03-25 18:34:24'),(140,14,1,'Right on, I always though we should use Lynx','2011-03-25 18:34:24','2011-03-25 18:34:24'),(141,3,2,'Yep, never liked wget','2011-03-25 18:34:24','2011-03-25 18:34:24'),(142,13,3,'Right on, I always though we should use Nginx','2011-03-25 18:34:24','2011-03-25 18:34:24'),(143,2,3,'Haven\'t had any problems with Nginx','2011-03-25 18:34:24','2011-03-25 18:34:24'),(144,5,1,'First Comment about tcsh','2011-03-25 18:34:24','2011-03-25 18:34:24'),(145,18,2,'Right on, I always though we should use getopt','2011-03-25 18:34:24','2011-03-25 18:34:24'),(146,2,6,'Yep, never liked Oracle','2011-03-25 18:34:24','2011-03-25 18:34:24'),(147,5,1,'First Comment about bash','2011-03-25 18:34:24','2011-03-25 18:34:24'),(148,2,1,'First Comment about Ubuntu','2011-03-25 18:34:24','2011-03-25 18:34:24'),(149,19,3,'Right on, I always though we should use MySQL','2011-03-25 18:34:24','2011-03-25 18:34:24'),(150,25,2,'Carry that idea further, I\'d like to learn more about Make','2011-03-25 18:34:24','2011-03-25 18:34:24'),(151,15,1,'Carry that idea further, I\'d like to learn more about Maven','2011-03-25 18:34:24','2011-03-25 18:34:24'),(152,9,1,'Yep, never liked Make','2011-03-25 18:34:24','2011-03-25 18:34:24'),(153,1,2,'I challenge you to a duel over your opinion on getopt','2011-03-25 18:34:24','2011-03-25 18:34:24'),(154,3,1,'Yep, never liked SQL Server','2011-03-25 18:34:25','2011-03-25 18:34:25'),(155,2,3,'Yep, never liked GNU/Linux','2011-03-25 18:34:25','2011-03-25 18:34:25'),(156,3,4,'Haven\'t had any problems with Drizzle','2011-03-25 18:34:25','2011-03-25 18:34:25'),(157,13,2,'Right on, I always though we should use Ant','2011-03-25 18:34:25','2011-03-25 18:34:25'),(158,2,2,'I challenge you to a duel over your opinion on bash','2011-03-25 18:34:25','2011-03-25 18:34:25'),(159,14,2,'First Comment about SAS','2011-03-25 18:34:25','2011-03-25 18:34:25'),(160,9,2,'First Comment about Buildr','2011-03-25 18:34:25','2011-03-25 18:34:25'),(161,5,1,'Right on, I always though we should use Ubuntu','2011-03-25 18:34:25','2011-03-25 18:34:25'),(162,8,1,'First Comment about R','2011-03-25 18:34:25','2011-03-25 18:34:25'),(163,28,1,'First Comment about SQL Server','2011-03-25 18:34:25','2011-03-25 18:34:25'),(164,15,3,'Haven\'t had any problems with MySQL','2011-03-25 18:34:25','2011-03-25 18:34:25'),(165,6,2,'I challenge you to a duel over your opinion on Ruby','2011-03-25 18:34:25','2011-03-25 18:34:25'),(166,11,2,'Yep, never liked R','2011-03-25 18:34:25','2011-03-25 18:34:25'),(167,39,3,'Yep, never liked SQL Server','2011-03-25 18:34:25','2011-03-25 18:34:25'),(168,1,1,'Right on, I always though we should use MySQL','2011-03-25 18:34:25','2011-03-25 18:34:25'),(169,11,3,'I challenge you to a duel over your opinion on SPSS','2011-03-25 18:34:25','2011-03-25 18:34:25'),(170,36,3,'I challenge you to a duel over your opinion on Ruby','2011-03-25 18:34:25','2011-03-25 18:34:25'),(171,12,2,'Right on, I always though we should use Buildr','2011-03-25 18:34:25','2011-03-25 18:34:25'),(172,31,3,'Haven\'t had any problems with wget','2011-03-25 18:34:25','2011-03-25 18:34:25'),(173,2,2,'I challenge you to a duel over your opinion on bash','2011-03-25 18:34:25','2011-03-25 18:34:25'),(174,31,1,'Haven\'t had any problems with Rails','2011-03-25 18:34:25','2011-03-25 18:34:25'),(175,22,2,'Haven\'t had any problems with Java','2011-03-25 18:34:25','2011-03-25 18:34:25'),(176,6,1,'First Comment about Ruby','2011-03-25 18:34:25','2011-03-25 18:34:25'),(177,29,1,'First Comment about Buildr','2011-03-25 18:34:26','2011-03-25 18:34:26'),(178,1,1,'I challenge you to a duel over your opinion on tcsh','2011-03-25 18:34:26','2011-03-25 18:34:26'),(179,1,1,'First Comment about Buildr','2011-03-25 18:34:26','2011-03-25 18:34:26'),(180,22,3,'I challenge you to a duel over your opinion on Rails','2011-03-25 18:34:26','2011-03-25 18:34:26'),(181,33,1,'Haven\'t had any problems with Apache','2011-03-25 18:34:26','2011-03-25 18:34:26'),(182,15,1,'Right on, I always though we should use Ruby','2011-03-25 18:34:26','2011-03-25 18:34:26'),(183,3,1,'First Comment about MySQL','2011-03-25 18:34:26','2011-03-25 18:34:26'),(184,14,1,'First Comment about Lynx','2011-03-25 18:34:26','2011-03-25 18:34:26'),(185,8,2,'I challenge you to a duel over your opinion on getopt','2011-03-25 18:34:26','2011-03-25 18:34:26'),(186,9,6,'Haven\'t had any problems with tcsh','2011-03-25 18:34:26','2011-03-25 18:34:26'),(187,2,1,'Yep, never liked bash','2011-03-25 18:34:26','2011-03-25 18:34:26'),(188,1,3,'Carry that idea further, I\'d like to learn more about getopt','2011-03-25 18:34:26','2011-03-25 18:34:26'),(189,35,1,'Carry that idea further, I\'d like to learn more about Maven','2011-03-25 18:34:26','2011-03-25 18:34:26'),(190,1,2,'Carry that idea further, I\'d like to learn more about Java','2011-03-25 18:34:26','2011-03-25 18:34:26'),(191,5,3,'Carry that idea further, I\'d like to learn more about SQL Server','2011-03-25 18:34:26','2011-03-25 18:34:26'),(192,50,1,'First Comment about SAS','2011-03-25 18:34:26','2011-03-25 18:34:26'),(193,20,2,'Right on, I always though we should use Sybase','2011-03-25 18:34:26','2011-03-25 18:34:26'),(194,13,3,'I challenge you to a duel over your opinion on getopt','2011-03-25 18:34:26','2011-03-25 18:34:26'),(195,9,2,'Carry that idea further, I\'d like to learn more about Maven','2011-03-25 18:34:26','2011-03-25 18:34:26'),(196,1,2,'I challenge you to a duel over your opinion on bash','2011-03-25 18:34:26','2011-03-25 18:34:26'),(197,10,1,'Haven\'t had any problems with Ubuntu','2011-03-25 18:34:26','2011-03-25 18:34:26'),(198,8,1,'Right on, I always though we should use Jenkins','2011-03-25 18:34:26','2011-03-25 18:34:26'),(199,6,1,'Right on, I always though we should use SPSS','2011-03-25 18:34:26','2011-03-25 18:34:26'),(200,1,4,'Haven\'t had any problems with GNU/Linux','2011-03-25 18:34:27','2011-03-25 18:34:27'),(201,11,2,'Haven\'t had any problems with Nginx','2011-03-25 18:34:27','2011-03-25 18:34:27'),(202,22,2,'Haven\'t had any problems with Rails','2011-03-25 18:34:27','2011-03-25 18:34:27'),(203,5,1,'I challenge you to a duel over your opinion on MySQL','2011-03-25 18:34:27','2011-03-25 18:34:27'),(204,3,1,'Right on, I always though we should use Ant','2011-03-25 18:34:27','2011-03-25 18:34:27'),(205,7,1,'First Comment about SPSS','2011-03-25 18:34:27','2011-03-25 18:34:27'),(206,3,3,'I challenge you to a duel over your opinion on Ant','2011-03-25 18:34:27','2011-03-25 18:34:27'),(207,17,1,'Carry that idea further, I\'d like to learn more about Java','2011-03-25 18:34:27','2011-03-25 18:34:27'),(208,22,2,'Right on, I always though we should use Buildr','2011-03-25 18:34:27','2011-03-25 18:34:27'),(209,1,3,'Yep, never liked Ubuntu','2011-03-25 18:34:27','2011-03-25 18:34:27'),(210,12,1,'Haven\'t had any problems with Jenkins','2011-03-25 18:34:27','2011-03-25 18:34:27'),(211,2,2,'Haven\'t had any problems with GNU/Linux','2011-03-25 18:34:27','2011-03-25 18:34:27'),(212,12,3,'Carry that idea further, I\'d like to learn more about Jenkins','2011-03-25 18:34:27','2011-03-25 18:34:27'),(213,15,1,'Haven\'t had any problems with SPSS','2011-03-25 18:34:27','2011-03-25 18:34:27'),(214,41,2,'I challenge you to a duel over your opinion on wget','2011-03-25 18:34:27','2011-03-25 18:34:27'),(215,18,1,'First Comment about Jenkins','2011-03-25 18:34:27','2011-03-25 18:34:27'),(216,2,1,'Haven\'t had any problems with Maven','2011-03-25 18:34:27','2011-03-25 18:34:27'),(217,24,3,'Yep, never liked Ruby','2011-03-25 18:34:27','2011-03-25 18:34:27'),(218,9,1,'Right on, I always though we should use R','2011-03-25 18:34:27','2011-03-25 18:34:27'),(219,6,5,'I challenge you to a duel over your opinion on tcsh','2011-03-25 18:34:27','2011-03-25 18:34:27'),(220,11,3,'Yep, never liked Drizzle','2011-03-25 18:34:27','2011-03-25 18:34:27'),(221,3,3,'Haven\'t had any problems with Linux','2011-03-25 18:34:28','2011-03-25 18:34:28'),(222,3,1,'Carry that idea further, I\'d like to learn more about Sybase','2011-03-25 18:34:28','2011-03-25 18:34:28'),(223,15,2,'Haven\'t had any problems with Jenkins','2011-03-25 18:34:28','2011-03-25 18:34:28'),(224,5,2,'Right on, I always though we should use curl','2011-03-25 18:34:28','2011-03-25 18:34:28'),(225,11,4,'I challenge you to a duel over your opinion on Sybase','2011-03-25 18:34:28','2011-03-25 18:34:28'),(226,13,2,'First Comment about Jenkins','2011-03-25 18:34:28','2011-03-25 18:34:28'),(227,3,4,'Haven\'t had any problems with tcsh','2011-03-25 18:34:28','2011-03-25 18:34:28'),(228,31,1,'Yep, never liked Make','2011-03-25 18:34:28','2011-03-25 18:34:28'),(229,4,1,'Haven\'t had any problems with Redhat','2011-03-25 18:34:28','2011-03-25 18:34:28'),(230,7,1,'Yep, never liked getopt','2011-03-25 18:34:28','2011-03-25 18:34:28'),(231,10,1,'First Comment about Sybase','2011-03-25 18:34:28','2011-03-25 18:34:28'),(232,20,1,'Carry that idea further, I\'d like to learn more about Oracle','2011-03-25 18:34:28','2011-03-25 18:34:28'),(233,21,1,'I challenge you to a duel over your opinion on Linux','2011-03-25 18:34:28','2011-03-25 18:34:28'),(234,2,1,'Haven\'t had any problems with GNU/Linux','2011-03-25 18:34:28','2011-03-25 18:34:28'),(235,4,1,'First Comment about wget','2011-03-25 18:34:28','2011-03-25 18:34:28'),(236,35,1,'Carry that idea further, I\'d like to learn more about Lynx','2011-03-25 18:34:28','2011-03-25 18:34:28'),(237,4,3,'Right on, I always though we should use Make','2011-03-25 18:34:28','2011-03-25 18:34:28'),(238,12,1,'First Comment about Linux','2011-03-25 18:34:28','2011-03-25 18:34:28'),(239,36,1,'Haven\'t had any problems with SPSS','2011-03-25 18:34:28','2011-03-25 18:34:28'),(240,13,1,'Yep, never liked Jenkins','2011-03-25 18:34:28','2011-03-25 18:34:28'),(241,9,4,'Yep, never liked Oracle','2011-03-25 18:34:28','2011-03-25 18:34:28'),(242,4,3,'Carry that idea further, I\'d like to learn more about Buildr','2011-03-25 18:34:28','2011-03-25 18:34:28'),(243,11,1,'First Comment about R','2011-03-25 18:34:28','2011-03-25 18:34:28'),(244,30,4,'Right on, I always though we should use MySQL','2011-03-25 18:34:28','2011-03-25 18:34:28'),(245,6,3,'Haven\'t had any problems with curl','2011-03-25 18:34:29','2011-03-25 18:34:29'),(246,2,3,'I challenge you to a duel over your opinion on Ruby','2011-03-25 18:34:29','2011-03-25 18:34:29'),(247,5,4,'I challenge you to a duel over your opinion on SQL Server','2011-03-25 18:34:29','2011-03-25 18:34:29'),(248,3,1,'First Comment about tcsh','2011-03-25 18:34:29','2011-03-25 18:34:29'),(249,12,1,'Yep, never liked SAS','2011-03-25 18:34:29','2011-03-25 18:34:29'),(250,1,1,'I challenge you to a duel over your opinion on Buildr','2011-03-25 18:34:29','2011-03-25 18:34:29'),(251,13,3,'Haven\'t had any problems with Jenkins','2011-03-25 18:34:29','2011-03-25 18:34:29'),(252,51,1,'Right on, I always though we should use getopt','2011-03-25 18:34:29','2011-03-25 18:34:29'),(253,10,1,'First Comment about Nginx','2011-03-25 18:34:29','2011-03-25 18:34:29'),(254,31,2,'I challenge you to a duel over your opinion on Jenkins','2011-03-25 18:34:29','2011-03-25 18:34:29'),(255,8,1,'I challenge you to a duel over your opinion on Ruby','2011-03-25 18:34:29','2011-03-25 18:34:29'),(256,2,1,'Yep, never liked Apache','2011-03-25 18:34:29','2011-03-25 18:34:29'),(257,19,2,'Haven\'t had any problems with tcsh','2011-03-25 18:34:29','2011-03-25 18:34:29'),(258,31,5,'I challenge you to a duel over your opinion on Drizzle','2011-03-25 18:34:29','2011-03-25 18:34:29'),(259,3,3,'First Comment about Redhat','2011-03-25 18:34:29','2011-03-25 18:34:29'),(260,34,1,'Haven\'t had any problems with Buildr','2011-03-25 18:34:29','2011-03-25 18:34:29'),(261,17,3,'I challenge you to a duel over your opinion on R','2011-03-25 18:34:29','2011-03-25 18:34:29'),(262,16,2,'Carry that idea further, I\'d like to learn more about Jenkins','2011-03-25 18:34:29','2011-03-25 18:34:29'),(263,18,2,'I challenge you to a duel over your opinion on Lynx','2011-03-25 18:34:29','2011-03-25 18:34:29'),(264,16,1,'First Comment about Make','2011-03-25 18:34:29','2011-03-25 18:34:29'),(265,31,7,'Yep, never liked GNU/Linux','2011-03-25 18:34:29','2011-03-25 18:34:29'),(266,11,1,'Right on, I always though we should use Buildr','2011-03-25 18:34:29','2011-03-25 18:34:29'),(267,10,2,'I challenge you to a duel over your opinion on MySQL','2011-03-25 18:34:29','2011-03-25 18:34:29'),(268,1,1,'Right on, I always though we should use Ant','2011-03-25 18:34:30','2011-03-25 18:34:30'),(269,18,1,'Haven\'t had any problems with Ruby','2011-03-25 18:34:30','2011-03-25 18:34:30'),(270,5,1,'First Comment about Ubuntu','2011-03-25 18:34:30','2011-03-25 18:34:30'),(271,1,3,'First Comment about MySQL','2011-03-25 18:34:30','2011-03-25 18:34:30'),(272,14,3,'Haven\'t had any problems with Lynx','2011-03-25 18:34:30','2011-03-25 18:34:30'),(273,8,1,'I challenge you to a duel over your opinion on Ruby','2011-03-25 18:34:30','2011-03-25 18:34:30'),(274,2,1,'I challenge you to a duel over your opinion on Maven','2011-03-25 18:34:30','2011-03-25 18:34:30'),(275,3,1,'Haven\'t had any problems with SQL Server','2011-03-25 18:34:30','2011-03-25 18:34:30'),(276,1,1,'I challenge you to a duel over your opinion on Linux','2011-03-25 18:34:30','2011-03-25 18:34:30'),(277,2,1,'Right on, I always though we should use Lynx','2011-03-25 18:34:30','2011-03-25 18:34:30'),(278,4,1,'Haven\'t had any problems with bash','2011-03-25 18:34:30','2011-03-25 18:34:30'),(279,7,2,'Carry that idea further, I\'d like to learn more about Drizzle','2011-03-25 18:34:30','2011-03-25 18:34:30'),(280,2,1,'Haven\'t had any problems with Ubuntu','2011-03-25 18:34:30','2011-03-25 18:34:30'),(281,17,3,'Carry that idea further, I\'d like to learn more about Jenkins','2011-03-25 18:34:30','2011-03-25 18:34:30'),(282,6,1,'Carry that idea further, I\'d like to learn more about Lynx','2011-03-25 18:34:30','2011-03-25 18:34:30'),(283,5,2,'Yep, never liked getopt','2011-03-25 18:34:30','2011-03-25 18:34:30'),(284,35,1,'Yep, never liked Jenkins','2011-03-25 18:34:30','2011-03-25 18:34:30'),(285,20,2,'Right on, I always though we should use Ant','2011-03-25 18:34:30','2011-03-25 18:34:30'),(286,9,1,'Carry that idea further, I\'d like to learn more about SPSS','2011-03-25 18:34:30','2011-03-25 18:34:30'),(287,7,1,'Yep, never liked Sybase','2011-03-25 18:34:30','2011-03-25 18:34:30'),(288,10,1,'First Comment about Buildr','2011-03-25 18:34:30','2011-03-25 18:34:30'),(289,10,3,'First Comment about Sybase','2011-03-25 18:34:30','2011-03-25 18:34:30'),(290,1,1,'I challenge you to a duel over your opinion on MySQL','2011-03-25 18:34:30','2011-03-25 18:34:30'),(291,1,3,'I challenge you to a duel over your opinion on tcsh','2011-03-25 18:34:31','2011-03-25 18:34:31'),(292,18,1,'Haven\'t had any problems with Java','2011-03-25 18:34:31','2011-03-25 18:34:31'),(293,6,4,'I challenge you to a duel over your opinion on SQL Server','2011-03-25 18:34:31','2011-03-25 18:34:31'),(294,12,4,'First Comment about Oracle','2011-03-25 18:34:31','2011-03-25 18:34:31'),(295,1,1,'Haven\'t had any problems with Oracle','2011-03-25 18:34:31','2011-03-25 18:34:31'),(296,13,4,'First Comment about Oracle','2011-03-25 18:34:31','2011-03-25 18:34:31'),(297,10,1,'Haven\'t had any problems with SQL Server','2011-03-25 18:34:31','2011-03-25 18:34:31'),(298,5,2,'First Comment about Rails','2011-03-25 18:34:31','2011-03-25 18:34:31'),(299,8,1,'First Comment about wget','2011-03-25 18:34:31','2011-03-25 18:34:31'),(300,12,3,'Right on, I always though we should use SAS','2011-03-25 18:34:31','2011-03-25 18:34:31');
INSERT INTO `post_links` (`id`, `post_id`, `link_url`, `link_name`, `link_description`) VALUES (1,81,'http://www.google.com','Do you know what saved us money? HTML',' Lorem ipsum dolor sit amet, consectetur adipiscing elit. Donec'),(2,14,'http://www.thestreet.com','The power of Ubuntu',' Lorem ipsum dolor sit amet, consectetur adipiscing elit. Donec'),(3,13,'http://www.google.com','Honestly, I\'m sick and tired of Karate',' Lorem ipsum dolor sit amet, consectetur adipiscing elit. Donec'),(4,31,'http://www.oracle.com','Do you know what saved us money? Bankstreet Writer',' Lorem ipsum dolor sit amet, consectetur adipiscing elit. Donec'),(5,49,'http://www.google.com','Never again will I use Python',' Lorem ipsum dolor sit amet, consectetur adipiscing elit. Donec'),(6,8,'http://www.google.com','I hate Jujitsu',' Lorem ipsum dolor sit amet, consectetur adipiscing elit. Donec'),(7,15,'http://www.akiban.com','The first time I\'ve ever used Maven',' Lorem ipsum dolor sit amet, consectetur adipiscing elit. Donec'),(8,13,'http://www.microsoft.com','Never again will I use Firefox',' Lorem ipsum dolor sit amet, consectetur adipiscing elit. Donec'),(9,2,'http://www.acquia.com','Three reasons to use Cylons',' Lorem ipsum dolor sit amet, consectetur adipiscing elit. Donec'),(10,5,'http://www.akiban.com','5 Secrets of HTML',' Lorem ipsum dolor sit amet, consectetur adipiscing elit. Donec'),(11,6,'http://www.google.com','I\'m in love with Windows',' Lorem ipsum dolor sit amet, consectetur adipiscing elit. Donec'),(12,9,'http://www.akiban.com','Vote for for loops',' Lorem ipsum dolor sit amet, consectetur adipiscing elit. Donec'),(13,32,'http://www.thestreet.com','The first time I\'ve ever used Drupal',' Lorem ipsum dolor sit amet, consectetur adipiscing elit. Donec'),(14,26,'http://www.thestreet.com','I hate SAS',' Lorem ipsum dolor sit amet, consectetur adipiscing elit. Donec'),(15,7,'http://www.akiban.com','Honestly, I\'m sick and tired of Spyware',' Lorem ipsum dolor sit amet, consectetur adipiscing elit. Donec'),(16,64,'http://www.yahoo.com','I hate Open Core',' Lorem ipsum dolor sit amet, consectetur adipiscing elit. Donec'),(17,58,'http://www.acquia.com','Never again will I use Agile',' Lorem ipsum dolor sit amet, consectetur adipiscing elit. Donec'),(18,55,'http://www.oracle.com','5 Secrets of for loops',' Lorem ipsum dolor sit amet, consectetur adipiscing elit. Donec'),(19,56,'http://www.google.com','Ha! They use for loops',' Lorem ipsum dolor sit amet, consectetur adipiscing elit. Donec'),(20,27,'http://www.yahoo.com','Ha! They use Bankstreet Writer',' Lorem ipsum dolor sit amet, consectetur adipiscing elit. Donec'),(21,1,'http://www.microsoft.com','Everything I ever needed to know about Firefox',' Lorem ipsum dolor sit amet, consectetur adipiscing elit. Donec'),(22,23,'http://www.thestreet.com','I hate Drizzle',' Lorem ipsum dolor sit amet, consectetur adipiscing elit. Donec'),(23,58,'http://www.akiban.com','Ha! They use Netscape',' Lorem ipsum dolor sit amet, consectetur adipiscing elit. Donec'),(24,25,'http://www.google.com','Do you know what saved us money? Drupal',' Lorem ipsum dolor sit amet, consectetur adipiscing elit. Donec'),(25,9,'http://www.google.com','Honestly, I\'m sick and tired of Ruby',' Lorem ipsum dolor sit amet, consectetur adipiscing elit. Donec'),(26,31,'http://www.oracle.com','I\'m in love with HTML',' Lorem ipsum dolor sit amet, consectetur adipiscing elit. Donec'),(27,1,'http://www.thestreet.com','Everyone should use vi',' Lorem ipsum dolor sit amet, consectetur adipiscing elit. Donec'),(28,34,'http://www.microsoft.com','Open source Drizzle',' Lorem ipsum dolor sit amet, consectetur adipiscing elit. Donec'),(29,42,'http://www.oracle.com','Do you know what saved us money? GWT',' Lorem ipsum dolor sit amet, consectetur adipiscing elit. Donec'),(30,11,'http://www.thestreet.com','Everyone should use SPSS',' Lorem ipsum dolor sit amet, consectetur adipiscing elit. Donec'),(31,45,'http://www.acquia.com','Vote for HTML',' Lorem ipsum dolor sit amet, consectetur adipiscing elit. Donec'),(32,6,'http://www.acquia.com','The power of Ruby on Rails',' Lorem ipsum dolor sit amet, consectetur adipiscing elit. Donec'),(33,76,'http://www.yahoo.com','Open source Websphere',' Lorem ipsum dolor sit amet, consectetur adipiscing elit. Donec'),(34,51,'http://www.microsoft.com','I\'m in love with Wordperfect',' Lorem ipsum dolor sit amet, consectetur adipiscing elit. Donec'),(35,22,'http://www.google.com','5 Secrets of R',' Lorem ipsum dolor sit amet, consectetur adipiscing elit. Donec'),(36,32,'http://www.google.com','I\'m in love with Bing',' Lorem ipsum dolor sit amet, consectetur adipiscing elit. Donec'),(37,36,'http://www.google.com','Only idiots use SAS',' Lorem ipsum dolor sit amet, consectetur adipiscing elit. Donec'),(38,23,'http://www.thestreet.com','I will quit if we use Chrome',' Lorem ipsum dolor sit amet, consectetur adipiscing elit. Donec'),(39,6,'http://www.thestreet.com','I hate Java',' Lorem ipsum dolor sit amet, consectetur adipiscing elit. Donec'),(40,26,'http://www.google.com','Three reasons to use for loops',' Lorem ipsum dolor sit amet, consectetur adipiscing elit. Donec'),(41,29,'http://www.thestreet.com','Surprisingly enough, we\'re using Java',' Lorem ipsum dolor sit amet, consectetur adipiscing elit. Donec'),(42,25,'http://www.microsoft.com','Three reasons to use Java',' Lorem ipsum dolor sit amet, consectetur adipiscing elit. Donec'),(43,16,'http://www.yahoo.com','I hate Linux',' Lorem ipsum dolor sit amet, consectetur adipiscing elit. Donec'),(44,2,'http://www.oracle.com','Everyone should use edlin',' Lorem ipsum dolor sit amet, consectetur adipiscing elit. Donec'),(45,43,'http://www.oracle.com','Everything I ever needed to know about Netscape',' Lorem ipsum dolor sit amet, consectetur adipiscing elit. Donec'),(46,9,'http://www.akiban.com','The first time I\'ve ever used Chrome',' Lorem ipsum dolor sit amet, consectetur adipiscing elit. Donec'),(47,53,'http://www.microsoft.com','Open source Drizzle',' Lorem ipsum dolor sit amet, consectetur adipiscing elit. Donec'),(48,10,'http://www.oracle.com','Honestly, I\'m sick and tired of Wordpress',' Lorem ipsum dolor sit amet, consectetur adipiscing elit. Donec'),(49,18,'http://www.microsoft.com','Only idiots use Python',' Lorem ipsum dolor sit amet, consectetur adipiscing elit. Donec'),(50,38,'http://www.microsoft.com','Three reasons to use Spyware',' Lorem ipsum dolor sit amet, consectetur adipiscing elit. Donec'),(51,36,'http://www.akiban.com','Honestly, I\'m sick and tired of vi',' Lorem ipsum dolor sit amet, consectetur adipiscing elit. Donec'),(52,45,'http://www.akiban.com','Ha! They use Wordpress',' Lorem ipsum dolor sit amet, consectetur adipiscing elit. Donec'),(53,9,'http://www.akiban.com','Everything I ever needed to know about Wordpress',' Lorem ipsum dolor sit amet, consectetur adipiscing elit. Donec'),(54,11,'http://www.google.com','Vote for Magento',' Lorem ipsum dolor sit amet, consectetur adipiscing elit. Donec'),(55,27,'http://www.acquia.com','Everything I ever needed to know about Ruby on Rails',' Lorem ipsum dolor sit amet, consectetur adipiscing elit. Donec'),(56,20,'http://www.yahoo.com','Everything I ever needed to know about Ruby',' Lorem ipsum dolor sit amet, consectetur adipiscing elit. Donec'),(57,10,'http://www.yahoo.com','Surprisingly enough, we\'re using GWT',' Lorem ipsum dolor sit amet, consectetur adipiscing elit. Donec'),(58,7,'http://www.akiban.com','Why do people still use Bankstreet Writer',' Lorem ipsum dolor sit amet, consectetur adipiscing elit. Donec'),(59,24,'http://www.yahoo.com','Never again will I use Agile',' Lorem ipsum dolor sit amet, consectetur adipiscing elit. Donec'),(60,5,'http://www.microsoft.com','The first time I\'ve ever used Karate',' Lorem ipsum dolor sit amet, consectetur adipiscing elit. Donec'),(61,15,'http://www.thestreet.com','Only idiots use GNU/Linux',' Lorem ipsum dolor sit amet, consectetur adipiscing elit. Donec'),(62,37,'http://www.yahoo.com','Honestly, I\'m sick and tired of Open Core',' Lorem ipsum dolor sit amet, consectetur adipiscing elit. Donec'),(63,6,'http://www.thestreet.com','Only idiots use edlin',' Lorem ipsum dolor sit amet, consectetur adipiscing elit. Donec'),(64,3,'http://www.yahoo.com','Everyone should use Websphere',' Lorem ipsum dolor sit amet, consectetur adipiscing elit. Donec'),(65,10,'http://www.thestreet.com','5 Secrets of emacs',' Lorem ipsum dolor sit amet, consectetur adipiscing elit. Donec'),(66,18,'http://www.thestreet.com','Who is Responsible for Maven',' Lorem ipsum dolor sit amet, consectetur adipiscing elit. Donec'),(67,13,'http://www.oracle.com','I hate edlin',' Lorem ipsum dolor sit amet, consectetur adipiscing elit. Donec'),(68,25,'http://www.thestreet.com','Never again will I use Maven',' Lorem ipsum dolor sit amet, consectetur adipiscing elit. Donec'),(69,55,'http://www.google.com','The power of Firefox',' Lorem ipsum dolor sit amet, consectetur adipiscing elit. Donec'),(70,1,'http://www.akiban.com','Surprisingly enough, we\'re using Python',' Lorem ipsum dolor sit amet, consectetur adipiscing elit. Donec'),(71,23,'http://www.akiban.com','Ha! They use Compilers',' Lorem ipsum dolor sit amet, consectetur adipiscing elit. Donec'),(72,32,'http://www.google.com','Surprisingly enough, we\'re using GNU/Linux',' Lorem ipsum dolor sit amet, consectetur adipiscing elit. Donec'),(73,58,'http://www.google.com','Honestly, I\'m sick and tired of GNU/Linux',' Lorem ipsum dolor sit amet, consectetur adipiscing elit. Donec'),(74,27,'http://www.microsoft.com','Ha! They use MySQL',' Lorem ipsum dolor sit amet, consectetur adipiscing elit. Donec'),(75,7,'http://www.microsoft.com','Honestly, I\'m sick and tired of Magento',' Lorem ipsum dolor sit amet, consectetur adipiscing elit. Donec'),(76,10,'http://www.akiban.com','Who is Responsible for Magento',' Lorem ipsum dolor sit amet, consectetur adipiscing elit. Donec'),(77,18,'http://www.yahoo.com','Surprisingly enough, we\'re using Websphere',' Lorem ipsum dolor sit amet, consectetur adipiscing elit. Donec'),(78,4,'http://www.google.com','What people need to know about Wordpress',' Lorem ipsum dolor sit amet, consectetur adipiscing elit. Donec'),(79,12,'http://www.yahoo.com','Surprisingly enough, we\'re using Ant',' Lorem ipsum dolor sit amet, consectetur adipiscing elit. Donec'),(80,12,'http://www.microsoft.com','Who is Responsible for Wordpress',' Lorem ipsum dolor sit amet, consectetur adipiscing elit. Donec'),(81,60,'http://www.google.com','I hate Shareware',' Lorem ipsum dolor sit amet, consectetur adipiscing elit. Donec'),(82,8,'http://www.acquia.com','Everything I ever needed to know about Yum',' Lorem ipsum dolor sit amet, consectetur adipiscing elit. Donec'),(83,9,'http://www.akiban.com','Open source Shareware',' Lorem ipsum dolor sit amet, consectetur adipiscing elit. Donec'),(84,25,'http://www.microsoft.com','Who is Responsible for Jujitsu',' Lorem ipsum dolor sit amet, consectetur adipiscing elit. Donec'),(85,5,'http://www.akiban.com','I\'m in love with Wordperfect',' Lorem ipsum dolor sit amet, consectetur adipiscing elit. Donec'),(86,10,'http://www.thestreet.com','Everyone should use HTML',' Lorem ipsum dolor sit amet, consectetur adipiscing elit. Donec'),(87,74,'http://www.google.com','The first time I\'ve ever used Drizzle',' Lorem ipsum dolor sit amet, consectetur adipiscing elit. Donec'),(88,8,'http://www.microsoft.com','Do you know what saved us money? Ubuntu',' Lorem ipsum dolor sit amet, consectetur adipiscing elit. Donec'),(89,14,'http://www.akiban.com','Do you know what saved us money? Maven',' Lorem ipsum dolor sit amet, consectetur adipiscing elit. Donec'),(90,15,'http://www.akiban.com','Ha! They use Spyware',' Lorem ipsum dolor sit amet, consectetur adipiscing elit. Donec'),(91,8,'http://www.thestreet.com','Why do people still use emacs',' Lorem ipsum dolor sit amet, consectetur adipiscing elit. Donec'),(92,23,'http://www.yahoo.com','Never again will I use edlin',' Lorem ipsum dolor sit amet, consectetur adipiscing elit. Donec'),(93,87,'http://www.google.com','What people need to know about Windows',' Lorem ipsum dolor sit amet, consectetur adipiscing elit. Donec'),(94,6,'http://www.akiban.com','What people need to know about edlin',' Lorem ipsum dolor sit amet, consectetur adipiscing elit. Donec'),(95,1,'http://www.acquia.com','Vote for Spyware',' Lorem ipsum dolor sit amet, consectetur adipiscing elit. Donec'),(96,63,'http://www.thestreet.com','Everyone should use Wordperfect',' Lorem ipsum dolor sit amet, consectetur adipiscing elit. Donec'),(97,16,'http://www.acquia.com','What people need to know about Yum',' Lorem ipsum dolor sit amet, consectetur adipiscing elit. Donec'),(98,11,'http://www.yahoo.com','Everything I ever needed to know about Drupal',' Lorem ipsum dolor sit amet, consectetur adipiscing elit. Donec'),(99,36,'http://www.oracle.com','Honestly, I\'m sick and tired of Bing',' Lorem ipsum dolor sit amet, consectetur adipiscing elit. Donec'),(100,13,'http://www.thestreet.com','Three reasons to use Cylons',' Lorem ipsum dolor sit amet, consectetur adipiscing elit. Donec'),(101,24,'http://www.google.com','I hate Windows',' Lorem ipsum dolor sit amet, consectetur adipiscing elit. Donec'),(102,5,'http://www.oracle.com','5 Secrets of Ruby on Rails',' Lorem ipsum dolor sit amet, consectetur adipiscing elit. Donec'),(103,21,'http://www.akiban.com','Open source SAS',' Lorem ipsum dolor sit amet, consectetur adipiscing elit. Donec'),(104,46,'http://www.microsoft.com','Open source Wordperfect',' Lorem ipsum dolor sit amet, consectetur adipiscing elit. Donec'),(105,17,'http://www.thestreet.com','I will quit if we use Agile',' Lorem ipsum dolor sit amet, consectetur adipiscing elit. Donec'),(106,22,'http://www.google.com','What people need to know about Websphere',' Lorem ipsum dolor sit amet, consectetur adipiscing elit. Donec'),(107,36,'http://www.microsoft.com','Ha! They use Shareware',' Lorem ipsum dolor sit amet, consectetur adipiscing elit. Donec'),(108,17,'http://www.google.com','Why do people still use MySQL',' Lorem ipsum dolor sit amet, consectetur adipiscing elit. Donec'),(109,16,'http://www.akiban.com','Ha! They use Chrome',' Lorem ipsum dolor sit amet, consectetur adipiscing elit. Donec'),(110,23,'http://www.oracle.com','Open source emacs',' Lorem ipsum dolor sit amet, consectetur adipiscing elit. Donec'),(111,5,'http://www.thestreet.com','Ha! They use Google',' Lorem ipsum dolor sit amet, consectetur adipiscing elit. Donec'),(112,25,'http://www.akiban.com','Honestly, I\'m sick and tired of Ubuntu',' Lorem ipsum dolor sit amet, consectetur adipiscing elit. Donec'),(113,30,'http://www.yahoo.com','The power of Yum',' Lorem ipsum dolor sit amet, consectetur adipiscing elit. Donec'),(114,63,'http://www.thestreet.com','I will quit if we use Agile',' Lorem ipsum dolor sit amet, consectetur adipiscing elit. Donec'),(115,4,'http://www.thestreet.com','Surprisingly enough, we\'re using Waterfall',' Lorem ipsum dolor sit amet, consectetur adipiscing elit. Donec'),(116,23,'http://www.akiban.com','I hate Cellphones',' Lorem ipsum dolor sit amet, consectetur adipiscing elit. Donec'),(117,7,'http://www.acquia.com','The first time I\'ve ever used Ruby',' Lorem ipsum dolor sit amet, consectetur adipiscing elit. Donec'),(118,50,'http://www.microsoft.com','Honestly, I\'m sick and tired of SPSS',' Lorem ipsum dolor sit amet, consectetur adipiscing elit. Donec'),(119,13,'http://www.yahoo.com','Everyone should use Ruby on Rails',' Lorem ipsum dolor sit amet, consectetur adipiscing elit. Donec'),(120,3,'http://www.yahoo.com','The power of Shareware',' Lorem ipsum dolor sit amet, consectetur adipiscing elit. Donec'),(121,16,'http://www.acquia.com','Everything I ever needed to know about Bing',' Lorem ipsum dolor sit amet, consectetur adipiscing elit. Donec'),(122,57,'http://www.oracle.com','Open source Waterfall',' Lorem ipsum dolor sit amet, consectetur adipiscing elit. Donec'),(123,19,'http://www.yahoo.com','Seventeen reasons I\'m sick of Maven',' Lorem ipsum dolor sit amet, consectetur adipiscing elit. Donec'),(124,3,'http://www.microsoft.com','The power of Wordperfect',' Lorem ipsum dolor sit amet, consectetur adipiscing elit. Donec'),(125,13,'http://www.google.com','I hate vi',' Lorem ipsum dolor sit amet, consectetur adipiscing elit. Donec'),(126,35,'http://www.akiban.com','Vote for Ruby on Rails',' Lorem ipsum dolor sit amet, consectetur adipiscing elit. Donec'),(127,65,'http://www.akiban.com','Honestly, I\'m sick and tired of Shareware',' Lorem ipsum dolor sit amet, consectetur adipiscing elit. Donec'),(128,16,'http://www.google.com','Everything I ever needed to know about Tae Kwon Do',' Lorem ipsum dolor sit amet, consectetur adipiscing elit. Donec'),(129,30,'http://www.acquia.com','Why do people still use MySQL',' Lorem ipsum dolor sit amet, consectetur adipiscing elit. Donec'),(130,57,'http://www.oracle.com','Surprisingly enough, we\'re using Ubuntu',' Lorem ipsum dolor sit amet, consectetur adipiscing elit. Donec'),(131,11,'http://www.acquia.com','The power of Bankstreet Writer',' Lorem ipsum dolor sit amet, consectetur adipiscing elit. Donec'),(132,73,'http://www.akiban.com','The power of Maven',' Lorem ipsum dolor sit amet, consectetur adipiscing elit. Donec'),(133,48,'http://www.google.com','I\'m in love with Open Core',' Lorem ipsum dolor sit amet, consectetur adipiscing elit. Donec'),(134,33,'http://www.microsoft.com','Surprisingly enough, we\'re using Ruby on Rails',' Lorem ipsum dolor sit amet, consectetur adipiscing elit. Donec'),(135,25,'http://www.acquia.com','Why do people still use Netscape',' Lorem ipsum dolor sit amet, consectetur adipiscing elit. Donec'),(136,29,'http://www.yahoo.com','I hate Wordpress',' Lorem ipsum dolor sit amet, consectetur adipiscing elit. Donec'),(137,74,'http://www.thestreet.com','Vote for Cylons',' Lorem ipsum dolor sit amet, consectetur adipiscing elit. Donec'),(138,51,'http://www.microsoft.com','What people need to know about Ruby on Rails',' Lorem ipsum dolor sit amet, consectetur adipiscing elit. Donec'),(139,14,'http://www.acquia.com','Surprisingly enough, we\'re using edlin',' Lorem ipsum dolor sit amet, consectetur adipiscing elit. Donec'),(140,40,'http://www.thestreet.com','What people need to know about Ubuntu',' Lorem ipsum dolor sit amet, consectetur adipiscing elit. Donec'),(141,25,'http://www.akiban.com','Surprisingly enough, we\'re using Windows',' Lorem ipsum dolor sit amet, consectetur adipiscing elit. Donec'),(142,5,'http://www.yahoo.com','The first time I\'ve ever used R',' Lorem ipsum dolor sit amet, consectetur adipiscing elit. Donec'),(143,15,'http://www.acquia.com','What people need to know about Drizzle',' Lorem ipsum dolor sit amet, consectetur adipiscing elit. Donec'),(144,14,'http://www.oracle.com','Three reasons to use Weblogic',' Lorem ipsum dolor sit amet, consectetur adipiscing elit. Donec'),(145,37,'http://www.google.com','Honestly, I\'m sick and tired of Cylons',' Lorem ipsum dolor sit amet, consectetur adipiscing elit. Donec'),(146,29,'http://www.google.com','Surprisingly enough, we\'re using Magento',' Lorem ipsum dolor sit amet, consectetur adipiscing elit. Donec'),(147,5,'http://www.akiban.com','Why do people still use vi',' Lorem ipsum dolor sit amet, consectetur adipiscing elit. Donec'),(148,63,'http://www.oracle.com','Only idiots use emacs',' Lorem ipsum dolor sit amet, consectetur adipiscing elit. Donec'),(149,15,'http://www.thestreet.com','Why do people still use Spyware',' Lorem ipsum dolor sit amet, consectetur adipiscing elit. Donec'),(150,27,'http://www.thestreet.com','Only idiots use Spyware',' Lorem ipsum dolor sit amet, consectetur adipiscing elit. Donec'),(151,36,'http://www.microsoft.com','What people need to know about Wordpress',' Lorem ipsum dolor sit amet, consectetur adipiscing elit. Donec'),(152,11,'http://www.microsoft.com','Honestly, I\'m sick and tired of Windows',' Lorem ipsum dolor sit amet, consectetur adipiscing elit. Donec'),(153,22,'http://www.acquia.com','I will quit if we use Python',' Lorem ipsum dolor sit amet, consectetur adipiscing elit. Donec'),(154,40,'http://www.thestreet.com','The power of Wordperfect',' Lorem ipsum dolor sit amet, consectetur adipiscing elit. Donec'),(155,6,'http://www.yahoo.com','Vote for Tae Kwon Do',' Lorem ipsum dolor sit amet, consectetur adipiscing elit. Donec'),(156,12,'http://www.thestreet.com','5 Secrets of R',' Lorem ipsum dolor sit amet, consectetur adipiscing elit. Donec'),(157,43,'http://www.akiban.com','I hate Ant',' Lorem ipsum dolor sit amet, consectetur adipiscing elit. Donec'),(158,52,'http://www.google.com','Who is Responsible for Linux',' Lorem ipsum dolor sit amet, consectetur adipiscing elit. Donec'),(159,19,'http://www.microsoft.com','The power of Drizzle',' Lorem ipsum dolor sit amet, consectetur adipiscing elit. Donec'),(160,47,'http://www.oracle.com','Ha! They use Shareware',' Lorem ipsum dolor sit amet, consectetur adipiscing elit. Donec'),(161,33,'http://www.oracle.com','Everyone should use Bankstreet Writer',' Lorem ipsum dolor sit amet, consectetur adipiscing elit. Donec'),(162,20,'http://www.thestreet.com','Everyone should use Waterfall',' Lorem ipsum dolor sit amet, consectetur adipiscing elit. Donec'),(163,6,'http://www.acquia.com','Honestly, I\'m sick and tired of Cellphones',' Lorem ipsum dolor sit amet, consectetur adipiscing elit. Donec'),(164,3,'http://www.oracle.com','Honestly, I\'m sick and tired of Karate',' Lorem ipsum dolor sit amet, consectetur adipiscing elit. Donec'),(165,9,'http://www.thestreet.com','I\'m in love with Redhat',' Lorem ipsum dolor sit amet, consectetur adipiscing elit. Donec'),(166,6,'http://www.google.com','Who is Responsible for HTML',' Lorem ipsum dolor sit amet, consectetur adipiscing elit. Donec'),(167,2,'http://www.acquia.com','Everyone should use Weblogic',' Lorem ipsum dolor sit amet, consectetur adipiscing elit. Donec'),(168,55,'http://www.akiban.com','Seventeen reasons I\'m sick of Python',' Lorem ipsum dolor sit amet, consectetur adipiscing elit. Donec'),(169,64,'http://www.acquia.com','Why do people still use Yum',' Lorem ipsum dolor sit amet, consectetur adipiscing elit. Donec'),(170,38,'http://www.acquia.com','Why do people still use Redhat',' Lorem ipsum dolor sit amet, consectetur adipiscing elit. Donec'),(171,2,'http://www.yahoo.com','What people need to know about Windows',' Lorem ipsum dolor sit amet, consectetur adipiscing elit. Donec'),(172,12,'http://www.acquia.com','Everything I ever needed to know about Ruby',' Lorem ipsum dolor sit amet, consectetur adipiscing elit. Donec'),(173,66,'http://www.microsoft.com','Do you know what saved us money? Wordpress',' Lorem ipsum dolor sit amet, consectetur adipiscing elit. Donec'),(174,25,'http://www.akiban.com','Never again will I use Waterfall',' Lorem ipsum dolor sit amet, consectetur adipiscing elit. Donec'),(175,9,'http://www.akiban.com','Open source Ruby on Rails',' Lorem ipsum dolor sit amet, consectetur adipiscing elit. Donec'),(176,6,'http://www.microsoft.com','5 Secrets of vi',' Lorem ipsum dolor sit amet, consectetur adipiscing elit. Donec'),(177,12,'http://www.oracle.com','Open source Ruby',' Lorem ipsum dolor sit amet, consectetur adipiscing elit. Donec'),(178,35,'http://www.acquia.com','The first time I\'ve ever used Magento',' Lorem ipsum dolor sit amet, consectetur adipiscing elit. Donec'),(179,74,'http://www.google.com','The power of Wordperfect',' Lorem ipsum dolor sit amet, consectetur adipiscing elit. Donec'),(180,3,'http://www.oracle.com','Surprisingly enough, we\'re using GNU/Linux',' Lorem ipsum dolor sit amet, consectetur adipiscing elit. Donec'),(181,4,'http://www.google.com','Why do people still use HTML',' Lorem ipsum dolor sit amet, consectetur adipiscing elit. Donec'),(182,36,'http://www.akiban.com','Ha! They use Maven',' Lorem ipsum dolor sit amet, consectetur adipiscing elit. Donec'),(183,11,'http://www.yahoo.com','Everything I ever needed to know about Magento',' Lorem ipsum dolor sit amet, consectetur adipiscing elit. Donec'),(184,45,'http://www.oracle.com','The power of SPSS',' Lorem ipsum dolor sit amet, consectetur adipiscing elit. Donec'),(185,39,'http://www.google.com','I hate Ant',' Lorem ipsum dolor sit amet, consectetur adipiscing elit. Donec'),(186,36,'http://www.oracle.com','I will quit if we use Drizzle',' Lorem ipsum dolor sit amet, consectetur adipiscing elit. Donec'),(187,17,'http://www.akiban.com','Surprisingly enough, we\'re using Linux',' Lorem ipsum dolor sit amet, consectetur adipiscing elit. Donec'),(188,4,'http://www.thestreet.com','Honestly, I\'m sick and tired of Ant',' Lorem ipsum dolor sit amet, consectetur adipiscing elit. Donec'),(189,43,'http://www.google.com','5 Secrets of Ubuntu',' Lorem ipsum dolor sit amet, consectetur adipiscing elit. Donec'),(190,7,'http://www.oracle.com','Everyone should use Tae Kwon Do',' Lorem ipsum dolor sit amet, consectetur adipiscing elit. Donec'),(191,18,'http://www.thestreet.com','The power of emacs',' Lorem ipsum dolor sit amet, consectetur adipiscing elit. Donec'),(192,10,'http://www.yahoo.com','Only idiots use Magento',' Lorem ipsum dolor sit amet, consectetur adipiscing elit. Donec'),(193,13,'http://www.oracle.com','Open source Chrome',' Lorem ipsum dolor sit amet, consectetur adipiscing elit. Donec'),(194,62,'http://www.akiban.com','Three reasons to use Karate',' Lorem ipsum dolor sit amet, consectetur adipiscing elit. Donec'),(195,14,'http://www.microsoft.com','Never again will I use Ant',' Lorem ipsum dolor sit amet, consectetur adipiscing elit. Donec'),(196,1,'http://www.oracle.com','Do you know what saved us money? emacs',' Lorem ipsum dolor sit amet, consectetur adipiscing elit. Donec'),(197,9,'http://www.acquia.com','Everything I ever needed to know about Ruby',' Lorem ipsum dolor sit amet, consectetur adipiscing elit. Donec'),(198,1,'http://www.thestreet.com','Do you know what saved us money? HTML',' Lorem ipsum dolor sit amet, consectetur adipiscing elit. Donec'),(199,4,'http://www.oracle.com','Open source MySQL',' Lorem ipsum dolor sit amet, consectetur adipiscing elit. Donec'),(200,5,'http://www.acquia.com','5 Secrets of Linux',' Lorem ipsum dolor sit amet, consectetur adipiscing elit. Donec');
INSERT INTO `post_tags` (`id`, `post_id`, `tag`) VALUES (1,4,'yum'),(2,12,'jujitsu'),(3,13,'shareware'),(4,8,'tae kwon do'),(5,16,'ant'),(6,17,'news'),(7,10,'open core'),(8,4,'politics'),(9,10,'windows'),(10,6,'spyware'),(11,19,'shareware'),(12,6,'cms'),(13,18,'r'),(14,14,'entertainment'),(15,5,'ruby'),(16,5,'python'),(17,1,'management'),(18,8,'gwt'),(19,10,'sas'),(20,8,'ruby'),(21,2,'spyware'),(22,5,'spss'),(23,17,'python'),(24,1,'redhat'),(25,25,'websphere'),(26,13,'recreation'),(27,20,'science'),(28,13,'karate'),(29,2,'ubuntu'),(30,5,'protest'),(31,15,'r'),(32,2,'bankstreet writer'),(33,27,'finance'),(34,21,'science'),(35,29,'magento'),(36,1,'netscape'),(37,5,'maven'),(38,9,'management'),(39,17,'protest'),(40,9,'drizzle'),(41,3,'banking'),(42,1,'wordpress'),(43,16,'world'),(44,1,'cms'),(45,9,'tae kwon do'),(46,15,'engineering'),(47,2,'ubuntu'),(48,2,'ant'),(49,4,'waterfall'),(50,7,'spyware'),(51,7,'bankstreet writer'),(52,8,'windows'),(53,9,'redhat'),(54,22,'it'),(55,19,'html'),(56,6,'jujitsu'),(57,2,'finance'),(58,15,'karate'),(59,6,'cellphones'),(60,8,'windows'),(61,13,'firefox'),(62,10,'protest'),(63,12,'protest'),(64,16,'it'),(65,2,'it'),(66,27,'banking'),(67,36,'management'),(68,1,'development'),(69,12,'fashion'),(70,3,'management'),(71,4,'windows'),(72,13,'bankstreet writer'),(73,8,'science'),(74,6,'redhat'),(75,3,'vi'),(76,6,'google'),(77,19,'mysql'),(78,1,'emacs'),(79,1,'drupal'),(80,1,'politics'),(81,7,'cellphones'),(82,4,'websphere'),(83,3,'firefox'),(84,2,'gwt'),(85,14,'gnu/linux'),(86,12,'tae kwon do'),(87,3,'html'),(88,7,'science'),(89,1,'spss'),(90,7,'emacs'),(91,8,'firefox'),(92,4,'compilers'),(93,12,'edlin'),(94,2,'gwt'),(95,8,'science'),(96,1,'news'),(97,11,'vacation'),(98,26,'gnu/linux'),(99,7,'spss'),(100,1,'mysql'),(101,15,'firefox'),(102,3,'entertainment'),(103,1,'sas'),(104,10,'ubuntu'),(105,5,'wordpress'),(106,9,'agile'),(107,1,'atg'),(108,4,'engineering'),(109,7,'redhat'),(110,16,'drizzle'),(111,14,'waterfall'),(112,7,'vi'),(113,4,'google'),(114,1,'shareware'),(115,8,'java'),(116,2,'entertainment'),(117,2,'google'),(118,4,'python'),(119,12,'atg'),(120,3,'ruby'),(121,8,'maven'),(122,5,'wordperfect'),(123,24,'news'),(124,13,'gnu/linux'),(125,22,'html'),(126,9,'management'),(127,17,'protest'),(128,50,'for loops'),(129,9,'recreation'),(130,12,'development'),(131,17,'medical'),(132,14,'technology'),(133,9,'vi'),(134,2,'finance'),(135,9,'world'),(136,11,'shareware'),(137,2,'maven'),(138,1,'ruby on rails'),(139,17,'ruby on rails'),(140,3,'cylons'),(141,11,'medical'),(142,2,'school'),(143,6,'yum'),(144,9,'magento'),(145,40,'for loops'),(146,23,'cellphones'),(147,9,'wordpress'),(148,31,'mysql'),(149,1,'html'),(150,10,'atg'),(151,8,'agile'),(152,8,'for loops'),(153,2,'school'),(154,14,'compilers'),(155,4,'news'),(156,21,'websphere'),(157,4,'websphere'),(158,32,'ant'),(159,1,'medical'),(160,2,'redhat'),(161,7,'engineering'),(162,10,'wordperfect'),(163,2,'for loops'),(164,11,'agile'),(165,6,'magento'),(166,11,'chrome'),(167,4,'google'),(168,4,'bing'),(169,33,'ant'),(170,14,'r'),(171,12,'shareware'),(172,3,'html'),(173,12,'agile'),(174,6,'compilers'),(175,25,'school'),(176,8,'medical'),(177,18,'bing'),(178,2,'agile'),(179,6,'world'),(180,3,'java'),(181,11,'emacs'),(182,4,'fashion'),(183,5,'mysql'),(184,1,'open core'),(185,5,'bing'),(186,28,'wordpress'),(187,17,'engineering'),(188,42,'compilers'),(189,5,'edlin'),(190,5,'cylons'),(191,4,'development'),(192,4,'python'),(193,2,'gnu/linux'),(194,60,'wordperfect'),(195,10,'shareware'),(196,22,'banking'),(197,2,'yum'),(198,9,'bing'),(199,14,'firefox'),(200,1,'for loops'),(201,14,'linux'),(202,10,'medical'),(203,11,'it'),(204,21,'agile'),(205,3,'drizzle'),(206,24,'open core'),(207,2,'atg'),(208,15,'ruby'),(209,25,'development'),(210,12,'html'),(211,15,'protest'),(212,4,'cms'),(213,14,'management'),(214,16,'jujitsu'),(215,19,'windows'),(216,24,'drizzle'),(217,24,'open core'),(218,23,'websphere'),(219,14,'drizzle'),(220,4,'engineering'),(221,6,'weblogic'),(222,8,'news'),(223,22,'cms'),(224,20,'yum'),(225,12,'magento'),(226,15,'gnu/linux'),(227,1,'science'),(228,5,'netscape'),(229,6,'vacation'),(230,10,'drizzle'),(231,8,'finance'),(232,13,'science'),(233,9,'sas'),(234,1,'spss'),(235,5,'emacs'),(236,6,'drupal'),(237,9,'mysql'),(238,5,'school'),(239,7,'fashion'),(240,2,'protest'),(241,36,'python'),(242,9,'world'),(243,16,'netscape'),(244,17,'world'),(245,2,'wordperfect'),(246,3,'finance'),(247,28,'entertainment'),(248,2,'cms'),(249,6,'bing'),(250,12,'ruby on rails'),(251,2,'magento'),(252,32,'yum'),(253,47,'sas'),(254,36,'school'),(255,1,'development'),(256,5,'entertainment'),(257,22,'atg'),(258,23,'recreation'),(259,17,'open core'),(260,8,'jujitsu'),(261,4,'recreation'),(262,5,'banking'),(263,3,'politics'),(264,3,'edlin'),(265,3,'spss'),(266,29,'firefox'),(267,1,'cellphones'),(268,3,'r'),(269,21,'redhat'),(270,2,'r'),(271,5,'magento'),(272,6,'development'),(273,3,'news'),(274,9,'windows'),(275,13,'budget'),(276,3,'drupal'),(277,6,'websphere'),(278,20,'budget'),(279,24,'jujitsu'),(280,8,'edlin'),(281,3,'google'),(282,23,'spyware'),(283,5,'magento'),(284,5,'edlin'),(285,11,'shareware'),(286,11,'html'),(287,12,'redhat'),(288,9,'shareware'),(289,10,'cylons'),(290,12,'recreation'),(291,7,'windows'),(292,17,'maven'),(293,15,'ruby on rails'),(294,10,'science'),(295,3,'engineering'),(296,12,'education'),(297,2,'redhat'),(298,4,'ubuntu'),(299,19,'banking'),(300,4,'science'),(301,15,'gnu/linux'),(302,15,'compilers'),(303,2,'education'),(304,5,'python'),(305,9,'java'),(306,13,'windows'),(307,16,'cms'),(308,11,'recreation'),(309,15,'banking'),(310,7,'websphere'),(311,20,'firefox'),(312,5,'python'),(313,7,'edlin'),(314,8,'atg'),(315,26,'cellphones'),(316,4,'budget'),(317,1,'education'),(318,17,'ruby on rails'),(319,14,'politics'),(320,8,'websphere'),(321,1,'spyware'),(322,28,'chrome'),(323,5,'entertainment'),(324,16,'firefox'),(325,1,'linux'),(326,21,'finance'),(327,2,'protest'),(328,4,'ruby'),(329,3,'for loops'),(330,9,'bankstreet writer'),(331,37,'javascript'),(332,1,'wordpress'),(333,9,'protest'),(334,9,'bankstreet writer'),(335,1,'open core'),(336,14,'bing'),(337,12,'for loops'),(338,4,'agile'),(339,22,'education'),(340,10,'shareware'),(341,10,'entertainment'),(342,22,'sas'),(343,1,'science'),(344,4,'drupal'),(345,10,'spyware'),(346,9,'cylons'),(347,13,'java'),(348,3,'bankstreet writer'),(349,13,'ruby on rails'),(350,13,'development'),(351,1,'it'),(352,41,'firefox'),(353,5,'wordperfect'),(354,7,'politics'),(355,8,'websphere'),(356,5,'gnu/linux'),(357,3,'for loops'),(358,9,'magento'),(359,7,'html'),(360,19,'engineering'),(361,7,'politics'),(362,3,'ruby on rails'),(363,1,'mysql'),(364,5,'wordpress'),(365,4,'ruby on rails'),(366,3,'yum'),(367,6,'python'),(368,2,'cylons'),(369,8,'open core'),(370,25,'gnu/linux'),(371,1,'gnu/linux'),(372,10,'wordpress'),(373,22,'for loops'),(374,8,'news'),(375,9,'bing'),(376,6,'politics'),(377,4,'waterfall'),(378,14,'fashion'),(379,24,'budget'),(380,7,'r'),(381,19,'vacation'),(382,2,'vacation'),(383,6,'cms'),(384,2,'development'),(385,6,'magento'),(386,12,'google'),(387,32,'cms'),(388,6,'education'),(389,9,'spyware'),(390,14,'bankstreet writer'),(391,7,'javascript'),(392,1,'jujitsu'),(393,16,'karate'),(394,23,'firefox'),(395,11,'spss'),(396,7,'redhat'),(397,9,'karate'),(398,12,'waterfall'),(399,2,'it'),(400,7,'redhat'),(401,1,'wordpress'),(402,25,'entertainment'),(403,13,'magento'),(404,7,'gnu/linux'),(405,18,'fashion'),(406,5,'vacation'),(407,27,'news'),(408,8,'budget'),(409,3,'cms'),(410,2,'open core'),(411,22,'for loops'),(412,12,'spss'),(413,2,'vacation'),(414,14,'medical'),(415,14,'protest'),(416,4,'management'),(417,24,'chrome'),(418,11,'weblogic'),(419,10,'netscape'),(420,23,'gnu/linux'),(421,8,'it'),(422,2,'it'),(423,4,'java'),(424,6,'spss'),(425,10,'edlin'),(426,2,'bankstreet writer'),(427,25,'entertainment'),(428,8,'ant'),(429,12,'maven'),(430,19,'news'),(431,3,'firefox'),(432,19,'html'),(433,8,'fashion'),(434,21,'edlin'),(435,20,'wordpress'),(436,3,'karate'),(437,5,'science'),(438,17,'banking'),(439,5,'cellphones'),(440,25,'management'),(441,9,'websphere'),(442,1,'protest'),(443,2,'agile'),(444,4,'recreation'),(445,3,'fashion'),(446,13,'for loops'),(447,6,'sas'),(448,9,'shareware'),(449,6,'politics'),(450,33,'shareware'),(451,24,'ubuntu'),(452,2,'protest'),(453,34,'recreation'),(454,24,'drizzle'),(455,15,'ubuntu'),(456,6,'fashion'),(457,39,'netscape'),(458,17,'recreation'),(459,1,'engineering'),(460,1,'finance'),(461,1,'ant'),(462,23,'recreation'),(463,46,'websphere'),(464,1,'websphere'),(465,32,'ruby'),(466,8,'cellphones'),(467,6,'science'),(468,11,'science'),(469,20,'drupal'),(470,11,'technology'),(471,3,'compilers'),(472,10,'spyware'),(473,14,'wordpress'),(474,18,'windows'),(475,9,'r'),(476,16,'wordperfect'),(477,11,'ubuntu'),(478,1,'websphere'),(479,12,'tae kwon do'),(480,1,'edlin'),(481,1,'jujitsu'),(482,5,'mysql'),(483,2,'waterfall'),(484,16,'management'),(485,24,'tae kwon do'),(486,6,'open core'),(487,3,'html'),(488,13,'html'),(489,20,'development'),(490,8,'redhat'),(491,9,'google'),(492,11,'technology'),(493,13,'budget'),(494,3,'cellphones'),(495,20,'management'),(496,3,'r'),(497,8,'it'),(498,11,'entertainment'),(499,20,'vacation'),(500,5,'jujitsu');
INSERT INTO `post_votes` (`id`, `user_id`, `post_id`, `vote`) VALUES (1,1,2,-1),(2,2,6,0),(3,1,8,1),(4,1,6,-1),(5,1,6,0),(6,2,4,1),(7,1,1,0),(8,3,10,0),(9,1,7,-1),(10,2,9,1),(11,2,3,0),(12,1,12,1),(13,1,6,0),(14,1,1,0),(15,1,3,1),(16,1,6,-1),(17,2,14,1),(18,2,12,-1),(19,1,19,0),(20,3,5,-1),(21,1,8,-1),(22,1,4,0),(23,1,6,1),(24,5,13,0),(25,1,5,0),(26,1,14,0),(27,1,26,0),(28,1,2,0),(29,1,38,-1),(30,4,13,-1),(31,1,3,0),(32,2,7,0),(33,3,4,1),(34,2,9,1),(35,2,11,0),(36,1,39,1),(37,1,13,1),(38,1,3,0),(39,2,1,0),(40,4,7,-1),(41,1,21,1),(42,1,10,1),(43,3,12,0),(44,2,4,0),(45,1,25,0),(46,2,13,-1),(47,2,4,-1),(48,1,4,0),(49,1,1,-1),(50,1,10,1),(51,1,12,1),(52,1,23,0),(53,1,3,-1),(54,1,1,0),(55,1,6,1),(56,1,2,0),(57,3,19,-1),(58,2,3,1),(59,1,3,-1),(60,1,18,1),(61,2,7,1),(62,1,3,0),(63,1,10,-1),(64,2,3,0),(65,2,5,0),(66,1,4,1),(67,1,42,1),(68,2,12,1),(69,1,16,-1),(70,1,15,-1),(71,1,7,-1),(72,3,1,1),(73,2,11,1),(74,1,7,1),(75,1,4,0),(76,4,10,1),(77,4,13,-1),(78,1,1,-1),(79,3,11,1),(80,5,17,1),(81,1,1,1),(82,2,20,-1),(83,2,2,1),(84,1,8,-1),(85,1,13,1),(86,1,4,0),(87,1,25,-1),(88,1,16,-1),(89,3,9,0),(90,4,8,-1),(91,6,10,0),(92,1,18,0),(93,2,14,0),(94,1,4,0),(95,2,11,-1),(96,1,15,-1),(97,1,1,0),(98,1,10,-1),(99,2,3,1),(100,1,23,-1),(101,1,7,1),(102,2,15,0),(103,1,8,0),(104,2,4,1),(105,1,15,1),(106,1,11,-1),(107,1,4,1),(108,2,1,0),(109,1,6,1),(110,1,49,0),(111,5,5,0),(112,1,2,-1),(113,1,6,1),(114,1,1,0),(115,1,10,0),(116,1,25,-1),(117,1,4,-1),(118,3,4,-1),(119,2,15,0),(120,2,11,0),(121,1,5,1),(122,3,5,0),(123,1,21,0),(124,1,5,0),(125,1,2,-1),(126,1,4,0),(127,1,3,-1),(128,1,6,0),(129,1,10,-1),(130,1,21,1),(131,1,1,-1),(132,1,4,0),(133,1,9,1),(134,4,11,1),(135,5,6,1),(136,1,8,1),(137,1,9,0),(138,2,33,-1),(139,1,1,-1),(140,1,18,-1),(141,2,5,1),(142,1,24,0),(143,1,2,0),(144,2,4,-1),(145,1,20,0),(146,2,9,-1),(147,1,1,0),(148,2,29,1),(149,2,1,1),(150,3,7,-1),(151,1,23,0),(152,1,10,-1),(153,1,10,1),(154,1,13,-1),(155,2,15,-1),(156,1,5,-1),(157,1,11,1),(158,1,11,0),(159,1,29,1),(160,1,4,0),(161,1,10,-1),(162,1,8,-1),(163,1,10,1),(164,3,11,-1),(165,1,4,0),(166,1,3,0),(167,1,8,1),(168,2,6,1),(169,2,14,-1),(170,2,2,-1),(171,1,1,0),(172,1,2,-1),(173,1,8,0),(174,1,6,-1),(175,1,1,1),(176,1,17,1),(177,3,5,0),(178,2,2,0),(179,3,6,1),(180,1,1,0),(181,1,1,1),(182,1,2,-1),(183,1,17,0),(184,1,1,0),(185,3,10,0),(186,1,27,0),(187,1,12,0),(188,2,2,0),(189,1,4,1),(190,1,4,-1),(191,3,17,0),(192,1,2,-1),(193,4,36,0),(194,2,2,-1),(195,1,2,0),(196,1,16,-1),(197,3,6,1),(198,1,17,0),(199,1,4,0),(200,1,13,0),(201,3,1,0),(202,2,5,-1),(203,1,12,0),(204,2,12,0),(205,2,10,1),(206,1,6,0),(207,2,1,-1),(208,2,6,-1),(209,2,4,-1),(210,2,4,-1),(211,4,10,-1),(212,1,4,-1),(213,2,12,-1),(214,1,1,-1),(215,2,9,-1),(216,2,15,0),(217,1,10,1),(218,1,3,1),(219,3,1,1),(220,1,2,1),(221,2,3,1),(222,2,3,0),(223,2,16,0),(224,1,30,0),(225,1,6,1),(226,1,3,0),(227,2,17,1),(228,3,2,-1),(229,1,4,-1),(230,1,3,1),(231,1,4,0),(232,1,4,1),(233,1,15,1),(234,2,6,1),(235,1,2,1),(236,2,13,-1),(237,1,7,-1),(238,1,9,0),(239,2,11,0),(240,2,6,1),(241,1,4,1),(242,1,14,-1),(243,1,9,0),(244,2,19,-1),(245,1,1,-1),(246,2,1,0),(247,1,1,-1),(248,1,14,1),(249,2,4,1),(250,1,9,1),(251,5,2,-1),(252,1,4,1),(253,1,9,1),(254,2,6,0),(255,1,14,0),(256,1,12,1),(257,2,5,1),(258,1,5,0),(259,2,6,0),(260,3,1,0),(261,1,2,1),(262,1,10,-1),(263,2,55,0),(264,1,23,-1),(265,1,4,0),(266,1,9,-1),(267,3,21,0),(268,5,4,-1),(269,2,13,1),(270,1,9,0),(271,6,10,-1),(272,2,1,0),(273,5,2,-1),(274,1,8,1),(275,1,16,0),(276,1,6,0),(277,1,7,1),(278,1,14,1),(279,1,2,0),(280,1,22,-1),(281,1,6,-1),(282,1,33,1),(283,1,7,-1),(284,2,5,-1),(285,1,19,0),(286,2,14,-1),(287,1,7,1),(288,1,17,1),(289,1,17,-1),(290,1,2,1),(291,1,4,1),(292,1,16,0),(293,2,11,1),(294,2,11,1),(295,2,37,1),(296,3,7,-1),(297,2,2,0),(298,1,7,1),(299,2,2,-1),(300,3,10,-1),(301,1,5,1),(302,2,15,0),(303,1,6,0),(304,1,38,0),(305,4,19,0),(306,1,9,-1),(307,1,19,0),(308,1,38,1),(309,1,1,0),(310,1,7,-1),(311,1,18,1),(312,1,5,0),(313,2,15,1),(314,1,6,1),(315,1,12,-1),(316,2,2,-1),(317,1,11,-1),(318,1,3,0),(319,1,8,0),(320,1,5,1),(321,1,14,1),(322,2,10,1),(323,1,8,0),(324,1,10,-1),(325,1,35,0),(326,2,7,1),(327,5,5,1),(328,2,1,-1),(329,2,18,1),(330,1,22,1),(331,1,1,0),(332,1,3,-1),(333,1,5,-1),(334,1,18,1),(335,1,7,-1),(336,1,4,1),(337,2,8,-1),(338,2,2,1),(339,1,2,-1),(340,3,3,-1),(341,1,16,0),(342,1,2,-1),(343,2,16,-1),(344,1,14,-1),(345,2,19,1),(346,1,18,1),(347,1,26,1),(348,1,17,-1),(349,3,24,-1),(350,1,7,0),(351,2,9,-1),(352,1,3,0),(353,1,1,0),(354,2,3,1),(355,3,16,1),(356,1,4,0),(357,2,10,0),(358,2,13,1),(359,2,20,1),(360,2,15,0),(361,1,4,1),(362,1,4,1),(363,1,5,-1),(364,2,3,1),(365,2,1,0),(366,1,5,1),(367,3,4,0),(368,3,7,0),(369,1,6,0),(370,1,11,0),(371,2,2,-1),(372,1,1,-1),(373,1,14,-1),(374,2,14,-1),(375,1,7,-1),(376,1,12,1),(377,3,10,1),(378,2,6,-1),(379,5,1,-1),(380,1,19,-1),(381,2,4,-1),(382,1,3,0),(383,3,2,1),(384,3,17,0),(385,1,6,-1),(386,1,2,0),(387,1,3,1),(388,1,1,-1),(389,1,12,-1),(390,2,13,0),(391,2,1,-1),(392,2,1,1),(393,1,4,0),(394,1,9,-1),(395,1,6,1),(396,2,21,1),(397,1,7,-1),(398,2,2,0),(399,6,1,0),(400,3,20,-1),(401,2,5,0),(402,3,28,-1),(403,1,2,0),(404,1,9,-1),(405,1,3,-1),(406,1,1,0),(407,1,14,1),(408,1,3,-1),(409,4,2,0),(410,3,8,1),(411,1,12,1),(412,1,23,-1),(413,3,2,0),(414,6,5,-1),(415,2,23,-1),(416,2,1,1),(417,1,18,1),(418,1,47,-1),(419,3,4,0),(420,1,28,0),(421,3,5,-1),(422,1,7,1),(423,3,7,0),(424,1,5,-1),(425,1,15,-1),(426,2,4,1),(427,1,8,-1),(428,1,5,-1),(429,1,22,1),(430,2,10,-1),(431,1,27,-1),(432,1,7,-1),(433,1,23,0),(434,1,4,-1),(435,3,28,-1),(436,1,3,-1),(437,1,12,1),(438,2,13,1),(439,1,33,-1),(440,1,1,0),(441,1,4,-1),(442,1,3,0),(443,1,20,1),(444,1,14,1),(445,1,13,1),(446,1,9,-1),(447,1,18,1),(448,3,37,-1),(449,1,21,1),(450,1,26,-1),(451,3,11,0),(452,1,6,0),(453,1,4,-1),(454,2,1,-1),(455,2,8,1),(456,1,21,-1),(457,1,10,0),(458,3,5,1),(459,3,3,1),(460,1,37,-1),(461,2,14,0),(462,1,1,1),(463,1,11,-1),(464,3,6,-1),(465,2,25,1),(466,1,5,1),(467,1,13,1),(468,2,8,1),(469,1,25,1),(470,2,21,0),(471,1,9,-1),(472,2,29,0),(473,3,10,-1),(474,1,18,-1),(475,1,1,0),(476,3,5,0),(477,1,1,1),(478,1,24,-1),(479,1,7,-1),(480,3,23,0),(481,2,3,1),(482,1,14,0),(483,2,24,1),(484,1,25,0),(485,1,1,1),(486,1,5,-1),(487,4,30,0),(488,4,40,0),(489,1,6,-1),(490,1,4,-1),(491,1,4,1),(492,3,7,-1),(493,2,1,1),(494,5,5,1),(495,1,11,-1),(496,4,12,-1),(497,1,4,0),(498,1,6,-1),(499,3,1,0),(500,1,4,0),(501,3,23,-1),(502,1,12,-1),(503,2,17,-1),(504,1,13,0),(505,1,31,-1),(506,1,7,0),(507,1,2,0),(508,1,6,1),(509,1,5,-1),(510,3,2,-1),(511,1,19,1),(512,4,3,0),(513,2,8,1),(514,1,9,-1),(515,1,4,0),(516,2,13,1),(517,1,3,0),(518,4,6,1),(519,2,1,-1),(520,1,4,0),(521,1,21,-1),(522,4,25,1),(523,1,20,-1),(524,2,5,1),(525,3,10,1),(526,4,5,-1),(527,2,1,-1),(528,1,6,1),(529,1,3,1),(530,1,3,-1),(531,3,23,0),(532,1,7,-1),(533,1,6,0),(534,1,20,1),(535,2,2,-1),(536,2,15,0),(537,1,17,1),(538,3,20,-1),(539,1,4,1),(540,1,24,-1),(541,3,6,0),(542,3,3,-1),(543,1,4,1),(544,2,3,1),(545,3,12,-1),(546,1,42,0),(547,1,17,-1),(548,2,25,0),(549,3,6,1),(550,1,4,0),(551,1,19,1),(552,1,14,-1),(553,1,4,0),(554,5,3,0),(555,2,24,0),(556,1,1,0),(557,1,40,-1),(558,1,31,1),(559,1,6,0),(560,3,4,-1),(561,1,20,-1),(562,1,2,0),(563,1,9,1),(564,1,12,0),(565,1,1,-1),(566,1,12,-1),(567,2,17,1),(568,1,13,1),(569,2,17,1),(570,1,12,-1),(571,3,2,0),(572,4,5,-1),(573,2,3,1),(574,2,16,0),(575,1,49,0),(576,1,24,1),(577,1,1,1),(578,2,24,-1),(579,1,10,1),(580,3,21,-1),(581,1,1,1),(582,1,4,-1),(583,1,3,-1),(584,2,10,-1),(585,3,5,0),(586,1,3,1),(587,2,7,-1),(588,1,16,1),(589,1,11,-1),(590,2,28,1),(591,1,4,1),(592,2,7,0),(593,2,2,-1),(594,2,46,-1),(595,2,7,-1),(596,3,9,1),(597,1,28,0),(598,2,11,0),(599,1,6,-1),(600,1,4,1),(601,1,4,1),(602,1,14,-1),(603,5,2,-1),(604,2,3,0),(605,3,8,-1),(606,3,4,1),(607,1,9,1),(608,1,7,1),(609,1,26,-1),(610,1,11,1),(611,2,3,-1),(612,2,25,0),(613,2,4,1),(614,1,1,1),(615,1,4,0),(616,1,12,1),(617,2,5,1),(618,1,24,0),(619,3,8,0),(620,1,5,-1),(621,2,2,0),(622,1,5,-1),(623,1,4,-1),(624,1,1,1),(625,1,12,0),(626,1,34,1),(627,2,37,0),(628,1,1,1),(629,2,3,1),(630,1,19,1),(631,1,5,-1),(632,1,11,-1),(633,1,9,1),(634,1,2,0),(635,1,9,0),(636,2,27,1),(637,1,3,0),(638,2,3,0),(639,2,36,0),(640,1,2,0),(641,1,4,0),(642,3,8,-1),(643,2,6,1),(644,1,18,0),(645,4,9,0),(646,3,3,0),(647,4,1,1),(648,1,7,0),(649,1,13,0),(650,1,10,-1),(651,1,6,0),(652,1,8,1),(653,1,2,0),(654,1,19,0),(655,2,6,1),(656,1,6,1),(657,2,12,-1),(658,1,2,0),(659,1,9,-1),(660,3,3,1),(661,2,1,-1),(662,1,28,-1),(663,3,1,0),(664,3,6,0),(665,1,2,1),(666,1,22,0),(667,3,13,-1),(668,2,5,-1),(669,1,1,1),(670,1,15,1),(671,2,18,0),(672,4,25,-1),(673,1,18,0),(674,1,6,-1),(675,1,16,1),(676,2,5,1),(677,2,30,0),(678,1,15,1),(679,1,15,1),(680,1,12,1),(681,1,3,-1),(682,1,5,1),(683,1,20,-1),(684,2,26,1),(685,1,35,1),(686,1,10,1),(687,1,17,1),(688,1,3,-1),(689,2,14,-1),(690,2,13,1),(691,2,18,0),(692,1,19,-1),(693,1,23,-1),(694,1,6,1),(695,1,18,-1),(696,1,6,-1),(697,1,7,-1),(698,5,11,-1),(699,2,11,-1),(700,1,11,0),(701,4,6,1),(702,1,4,-1),(703,2,1,0),(704,2,3,0),(705,1,3,1),(706,1,5,0),(707,1,6,-1),(708,2,7,0),(709,1,10,1),(710,1,2,-1),(711,2,16,-1),(712,2,1,-1),(713,1,15,1),(714,1,8,-1),(715,1,2,0),(716,3,21,-1),(717,2,3,-1),(718,1,13,-1),(719,1,13,0),(720,1,7,0),(721,1,7,1),(722,4,5,0),(723,1,21,0),(724,1,12,0),(725,1,7,0),(726,2,5,1),(727,1,48,1),(728,1,8,0),(729,1,10,1),(730,1,15,1),(731,1,2,-1),(732,1,8,1),(733,2,20,1),(734,4,30,1),(735,1,8,0),(736,1,24,-1),(737,1,9,-1),(738,2,9,1),(739,1,17,1),(740,1,8,1),(741,1,6,-1),(742,1,25,-1),(743,3,12,1),(744,1,1,-1),(745,1,20,-1),(746,1,16,-1),(747,2,7,0),(748,1,5,0),(749,3,19,1),(750,1,15,0),(751,1,4,-1),(752,2,7,0),(753,2,10,0),(754,3,12,1),(755,3,17,-1),(756,2,1,0),(757,1,11,1),(758,1,22,1),(759,1,1,0),(760,1,23,1),(761,2,1,-1),(762,1,2,0),(763,2,5,-1),(764,3,7,-1),(765,2,26,-1),(766,1,25,1),(767,2,18,1),(768,1,1,1),(769,1,7,0),(770,1,11,1),(771,1,5,1),(772,2,9,-1),(773,2,4,1),(774,1,2,1),(775,6,21,-1),(776,1,10,1),(777,2,16,1),(778,1,24,-1),(779,1,31,0),(780,1,1,0),(781,2,41,-1),(782,2,1,1),(783,1,5,-1),(784,4,11,0),(785,1,40,1),(786,2,7,1),(787,1,18,1),(788,1,4,1),(789,1,13,-1),(790,2,7,1),(791,3,2,-1),(792,1,29,-1),(793,2,2,1),(794,2,2,-1),(795,1,2,1),(796,2,3,-1),(797,4,2,-1),(798,1,9,1),(799,2,3,1),(800,1,2,0),(801,1,4,1),(802,2,1,0),(803,1,11,0),(804,1,27,0),(805,1,43,1),(806,4,1,-1),(807,1,13,1),(808,1,26,-1),(809,1,4,-1),(810,1,1,0),(811,1,3,-1),(812,2,9,-1),(813,3,23,0),(814,1,3,-1),(815,3,1,1),(816,1,13,-1),(817,2,2,0),(818,1,11,1),(819,1,10,0),(820,2,9,0),(821,3,7,-1),(822,1,5,0),(823,2,3,1),(824,3,2,1),(825,6,6,1),(826,2,10,1),(827,1,5,1),(828,1,6,1),(829,1,8,0),(830,2,23,0),(831,2,17,0),(832,1,15,0),(833,1,11,-1),(834,2,3,-1),(835,1,4,-1),(836,1,19,1),(837,1,9,-1),(838,1,10,1),(839,2,16,-1),(840,2,15,1),(841,2,22,1),(842,4,2,0),(843,2,40,1),(844,2,2,1),(845,3,5,1),(846,5,10,-1),(847,1,9,0),(848,1,6,1),(849,1,4,0),(850,1,8,-1),(851,1,15,1),(852,2,20,-1),(853,2,2,0),(854,1,11,1),(855,1,1,1),(856,1,6,0),(857,1,5,-1),(858,1,31,-1),(859,1,13,-1),(860,3,16,1),(861,1,5,-1),(862,2,5,0),(863,1,12,1),(864,1,2,-1),(865,2,4,1),(866,1,21,1),(867,1,15,1),(868,1,4,1),(869,1,1,1),(870,1,30,1),(871,1,34,1),(872,1,7,1),(873,1,7,-1),(874,1,19,1),(875,1,9,0),(876,1,3,-1),(877,1,23,1),(878,1,23,0),(879,2,17,-1),(880,1,16,-1),(881,1,13,1),(882,2,1,-1),(883,1,1,1),(884,3,12,0),(885,1,28,1),(886,1,1,-1),(887,2,45,0),(888,2,4,0),(889,2,8,1),(890,2,5,1),(891,5,2,1),(892,1,1,-1),(893,1,1,-1),(894,4,16,-1),(895,3,23,-1),(896,1,10,0),(897,1,2,1),(898,3,14,0),(899,1,33,-1),(900,2,30,0);
